region_id,region_name,asteroid_volume_mined,gas_volume_mined,ice_volume_mined,moon_volume_mined,asteroid_volume_wasted,gas_volume_wasted,ice_volume_wasted,moon_volume_wasted,month
10000001,Derelik,1354008996.9,16700760.0,594788000.0,851713090.0,307760985.35,1317750.0,139340000.0,179409010.0,202501
10000002,The Forge,3757601379.7,20119830.0,4696993000.0,2003372170.0,890713238.4499999,2452540.0,768558000.0,429787200.0,202501
10000003,Vale of the Silent,4041483142.15,5129410.0,523437000.0,5138218160.0,249553246.15,440300.0,76804000.0,97115120.0,202501
10000005,Detorid,762943976.75,2297670.0,194965000.0,302342550.0,85904549.5,62350.0,40294000.0,2564810.0,202501
10000006,Wicked Creek,30282457.8,3868820.0,16540000.0,0.0,8015973.649999999,389290.0,3973000.0,0.0,202501
10000007,Cache,283135692.75,1087600.0,124359000.0,198267980.0,62429906.35,212480.0,19149000.0,9166250.0,202501
10000008,Scalding Pass,287387985.4,3439370.0,103583000.0,34615680.0,27985961.0,282240.0,31691000.0,3219800.0,202501
10000009,Insmother,789462013.6,4590870.0,148030000.0,569537880.0,187373781.3,254030.0,31060000.0,14524480.0,202501
10000010,Tribute,99912833.8,353720.0,154037000.0,1284614120.0,12328154.8,17580.0,42288000.0,61593180.0,202501
10000011,Great Wildlands,54896314.6,3451880.0,69439000.0,224424060.0,10726888.2,342030.0,19348000.0,4343970.0,202501
10000012,Curse,4494297.5,9989640.0,5513000.0,31334000.0,537507.1,429660.0,999000.0,299230.0,202501
10000013,Malpais,1366357109.5,4503280.0,784180000.0,1102360530.0,174117551.1,616980.0,237004000.0,53401560.0,202501
10000014,Catch,406606792.5,7272920.0,963078000.0,1336494870.0,33309611.95,2071440.0,57430000.0,28921270.0,202501
10000015,Venal,122416935.25,2708310.0,1505000.0,25005970.0,10420581.6,184450.0,319000.0,2294310.0,202501
10000016,Lonetrek,3047099224.3,24452360.0,1953104000.0,2159839940.0,742406222.9,2554250.0,293487000.0,488542510.0,202501
10000018,The Spire,609271020.15,2235350.0,93941000.0,435178840.0,109320105.7,126690.0,18610000.0,29159650.0,202501
10000020,Tash-Murkon,2553280644.75,3623270.0,1262197000.0,1052667090.0,732983462.45,186870.0,120461000.0,124162380.0,202501
10000021,Outer Passage,1121654830.8,1362050.0,119285000.0,402053650.0,105559917.95,223190.0,17720000.0,36346750.0,202501
10000022,Stain,90133108.2,155380.0,92644000.0,206624310.0,4953743.0,0.0,26391000.0,7769120.0,202501
10000023,Pure Blind,489199092.75,2891180.0,184073000.0,626894230.0,28758961.0,218970.0,40417000.0,14939930.0,202501
10000025,Immensea,3652903645.85,1358280.0,1397766000.0,3556063580.0,140355871.45,140360.0,243850000.0,112164370.0,202501
10000027,Etherium Reach,1020717073.4,3707500.0,143691000.0,791132850.0,182652631.2,334780.0,38325000.0,20668030.0,202501
10000028,Molden Heath,514071761.2,9382940.0,674836000.0,277797040.0,120454737.2,1339250.0,163033000.0,11930330.0,202501
10000029,Geminate,389047276.2,991940.0,53351000.0,347400310.0,38600077.3,68060.0,11993000.0,5097260.0,202501
10000030,Heimatar,2742123693.25,9681910.0,736292000.0,740370530.0,687689968.45,1464420.0,74557000.0,31614460.0,202501
10000031,Impass,3932927820.2,0.0,692311000.0,1818194600.0,161641274.7,0.0,134734000.0,130666200.0,202501
10000032,Sinq Laison,3667984279.55,6171960.0,1110928000.0,1304927110.0,895796375.5,538710.0,208031000.0,292713440.0,202501
10000033,The Citadel,2178852067.65,6473550.0,999559000.0,1107347260.0,591349995.65,613250.0,198421000.0,536942300.0,202501
10000034,The Kalevala Expanse,536497857.7,2934910.0,410324000.0,794182010.0,115016956.8,479370.0,104846000.0,30878130.0,202501
10000035,Deklein,624707808.35,215080.0,129658000.0,268803550.0,33917948.5,4920.0,18113000.0,1644440.0,202501
10000036,Devoid,362361058.1,1990790.0,547448000.0,1840525840.0,88144990.65,175640.0,114971000.0,59890400.0,202501
10000037,Everyshore,2161445316.25,2548780.0,2449009000.0,1305748780.0,492863785.15,136800.0,434348000.0,204321780.0,202501
10000038,The Bleak Lands,209909842.65,1883950.0,171695000.0,58090190.0,61170862.75,181760.0,26008000.0,12745000.0,202501
10000039,Esoteria,557650206.65,0.0,244607000.0,990331480.0,76259197.45,0.0,65508000.0,30687120.0,202501
10000040,Oasa,942652050.9,1617800.0,485462000.0,940444380.0,77088232.25,109480.0,66519000.0,10594840.0,202501
10000041,Syndicate,120908537.85,1583060.0,103729000.0,312231160.0,17000611.7,119470.0,17239000.0,38184310.0,202501
10000042,Metropolis,3818449919.05,18260040.0,3023908000.0,1172104750.0,691279555.05,679620.0,529159000.0,161345470.0,202501
10000043,Domain,3064853280.2,5870350.0,2188287000.0,3309392530.0,753860303.0,646010.0,300930000.0,433662120.0,202501
10000044,Solitude,185070118.85,11580240.0,649440000.0,583060080.0,43326722.8,985150.0,100891000.0,33049540.0,202501
10000045,Tenal,268906494.4,29358970.0,37824000.0,140575600.0,26447836.55,475950.0,2656000.0,8426010.0,202501
10000046,Fade,297980432.8,0.0,18704000.0,143489810.0,63869687.6,0.0,5094000.0,40298640.0,202501
10000047,Providence,736180999.3,0.0,362408000.0,370418580.0,103713404.85,0.0,99544000.0,27370080.0,202501
10000048,Placid,681329814.6,15949270.0,92776000.0,729945540.0,164525960.3,1700240.0,978000.0,230480490.0,202501
10000049,Khanid,1241091430.9,8532090.0,548529000.0,2121589560.0,330253775.4,662040.0,59414000.0,255154040.0,202501
10000050,Querious,474566633.3,0.0,425567000.0,770446720.0,61965538.45,0.0,96902000.0,26452820.0,202501
10000051,Cloud Ring,102187865.6,21433570.0,65875000.0,172002870.0,14718651.5,2835850.0,7684000.0,3509840.0,202501
10000052,Kador,1166846338.5,4298470.0,1638357000.0,2903840060.0,408112186.0,660290.0,125903000.0,572078200.0,202501
10000053,Cobalt Edge,533592226.35,652140.0,97493000.0,305330130.0,104120601.45,68060.0,17868000.0,31722140.0,202501
10000054,Aridia,451774485.85,30050290.0,243425000.0,81002290.0,93029883.0,1566990.0,35647000.0,804360.0,202501
10000055,Branch,125545667.9,658180.0,78594000.0,303937560.0,16278743.8,41820.0,2669000.0,48398060.0,202501
10000056,Feythabolis,317129435.2,6469390.0,37947000.0,226593970.0,63967291.1,916900.0,1598000.0,2987280.0,202501
10000057,Outer Ring,141648970.4,2210710.0,114934000.0,102904990.0,7661296.7,120210.0,7474000.0,1694800.0,202501
10000058,Fountain,2450973414.85,9553260.0,775175000.0,2177566120.0,89452798.7,1179790.0,106379000.0,113356560.0,202501
10000059,Paragon Soul,39549756.5,0.0,237505000.0,131464810.0,5556296.3,0.0,69800000.0,376560.0,202501
10000060,Delve,408218950.1,15653860.0,258554000.0,335611440.0,72134767.05,640490.0,44183000.0,41505220.0,202501
10000061,Tenerifis,1323424460.3,4409170.0,1230942000.0,1526692640.0,97567606.3,371480.0,204042000.0,92938970.0,202501
10000062,Omist,338568399.2,909480.0,122526000.0,99186370.0,22942106.55,70600.0,28502000.0,1666390.0,202501
10000063,Period Basis,217786394.95,0.0,98926000.0,97931250.0,64389480.5,0.0,28255000.0,1608100.0,202501
10000064,Essence,1987323500.75,4054880.0,835785000.0,1169297280.0,426472383.4,448240.0,98163000.0,94270510.0,202501
10000065,Kor-Azor,778941138.25,5262100.0,363187000.0,270175430.0,123942721.8,587230.0,47004000.0,46945580.0,202501
10000066,Perrigen Falls,1942097943.45,2618860.0,951782000.0,996808360.0,293773438.75,450690.0,174675000.0,29345230.0,202501
10000067,Genesis,1197201738.45,6577190.0,575416000.0,1037885230.0,248496530.2,1043420.0,101569000.0,182838080.0,202501
10000068,Verge Vendor,2078205504.05,1951770.0,45113000.0,483824150.0,480318981.25,184250.0,66000.0,114468080.0,202501
10000069,Black Rise,346537206.3,9400840.0,499848000.0,515015190.0,81711922.25,1381210.0,61061000.0,124580460.0,202501
10000070,Pochven,580107408.0,0.0,0.0,6595470.0,195335968.0,0.0,0.0,15260.0,202501
10000001,Derelik,1389888965.75,17987290.0,600533000.0,898073720.0,336953714.75,1583650.0,133305000.0,164454720.0,202502
10000002,The Forge,3665749619.8,16831120.0,4448475000.0,2297980680.0,890449346.1,1691840.0,711755000.0,489111800.0,202502
10000003,Vale of the Silent,3643907231.4,6110310.0,502957000.0,3997900940.0,185074548.7,612650.0,97648000.0,279586820.0,202502
10000005,Detorid,766781441.2,2597640.0,218878000.0,248788120.0,111203609.55,122600.0,46267000.0,367600.0,202502
10000006,Wicked Creek,10505453.65,3483430.0,9194000.0,1861190.0,3802853.2,56560.0,3060000.0,441850.0,202502
10000007,Cache,389487469.55,526310.0,193825000.0,241965600.0,47600049.15,113730.0,35451000.0,5135550.0,202502
10000008,Scalding Pass,173213131.75,4696840.0,68883000.0,37926500.0,22819262.25,147270.0,13976000.0,1889750.0,202502
10000009,Insmother,765818187.45,5046700.0,100052000.0,339955150.0,144302787.9,245220.0,24342000.0,7265350.0,202502
10000010,Tribute,128717865.8,554190.0,127554000.0,739454280.0,8777387.7,10810.0,50356000.0,14330930.0,202502
10000011,Great Wildlands,48698548.5,3883190.0,32634000.0,94515890.0,9330223.7,496410.0,8442000.0,4776680.0,202502
10000012,Curse,10126374.6,14636090.0,7310000.0,16442340.0,1281835.6,275410.0,383000.0,149050.0,202502
10000013,Malpais,1097049832.25,4805300.0,666853000.0,783995320.0,156172221.8,599340.0,199056000.0,56423920.0,202502
10000014,Catch,458311449.3,5679430.0,454516000.0,1923445050.0,23993877.9,1294940.0,54114000.0,17218460.0,202502
10000015,Venal,111891532.0,2355270.0,735000.0,270704000.0,11050574.7,128500.0,150000.0,21584120.0,202502
10000016,Lonetrek,2847763013.3,22130640.0,1700782000.0,1979504590.0,720946561.65,1900990.0,288323000.0,351108170.0,202502
10000018,The Spire,634649744.0,1986220.0,178385000.0,341991210.0,174402279.1,291860.0,38827000.0,13389950.0,202502
10000020,Tash-Murkon,2387582235.05,4316690.0,1126279000.0,1093656580.0,651530607.65,310740.0,127061000.0,115036530.0,202502
10000021,Outer Passage,1065031760.85,1015030.0,100151000.0,346663150.0,123417734.35,174010.0,18701000.0,18862710.0,202502
10000022,Stain,95151053.3,76250.0,273876000.0,202709480.0,4263532.1,0.0,17855000.0,424440.0,202502
10000023,Pure Blind,436410999.05,3641950.0,165267000.0,654203550.0,30859054.6,200430.0,48803000.0,14686590.0,202502
10000025,Immensea,2860086959.1,1417980.0,935051000.0,2626073230.0,115612138.6,204220.0,149359000.0,58732650.0,202502
10000027,Etherium Reach,1097479539.4,3192660.0,108139000.0,735295750.0,205991180.05,367780.0,23393000.0,39580130.0,202502
10000028,Molden Heath,394915485.55,8002300.0,497887000.0,151598380.0,87491477.7,1150350.0,132389000.0,5700850.0,202502
10000029,Geminate,253637017.95,1409590.0,134188000.0,310696070.0,22707401.05,170510.0,28995000.0,1136600.0,202502
10000030,Heimatar,2587772670.2,9221340.0,620007000.0,843544940.0,641323101.5,1230810.0,59511000.0,31999020.0,202502
10000031,Impass,3370285873.15,0.0,449534000.0,1869980720.0,148342131.0,0.0,83920000.0,43737940.0,202502
10000032,Sinq Laison,3215537220.55,5755430.0,853697000.0,1258716950.0,681948923.6999999,622900.0,214052000.0,302577920.0,202502
10000033,The Citadel,1948397843.25,5604430.0,846765000.0,1255306180.0,539494082.35,383580.0,199337000.0,488830730.0,202502
10000034,The Kalevala Expanse,715379111.05,3951130.0,427467000.0,475763040.0,141101903.95,376550.0,111248000.0,9084340.0,202502
10000035,Deklein,607648723.25,645360.0,107518000.0,388650750.0,32566197.55,34680.0,16079000.0,338550.0,202502
10000036,Devoid,429647262.85,1409560.0,606096000.0,1545579840.0,87844871.2,167520.0,114809000.0,66015200.0,202502
10000037,Everyshore,1621110191.75,1921060.0,2051754000.0,1297601670.0,351495714.0,152240.0,410912000.0,161040010.0,202502
10000038,The Bleak Lands,186888132.4,1210770.0,193411000.0,215712730.0,57551441.45,182920.0,29086000.0,11499180.0,202502
10000039,Esoteria,481816756.8,0.0,213467000.0,627069140.0,47363264.5,0.0,44848000.0,10287440.0,202502
10000040,Oasa,1148102299.5,1564460.0,773134000.0,745797790.0,74043153.15,196620.0,84168000.0,5460210.0,202502
10000041,Syndicate,112589857.05,1140740.0,100210000.0,233172250.0,19681456.85,126830.0,17850000.0,24801470.0,202502
10000042,Metropolis,3579308243.05,16257720.0,2546821000.0,1071686920.0,640167509.35,478520.0,453453000.0,120774990.0,202502
10000043,Domain,2581625611.15,5507760.0,1780314000.0,3665677790.0,632190390.75,582280.0,292738000.0,449340760.0,202502
10000044,Solitude,225671714.6,10082740.0,488591000.0,555100890.0,46562568.7,1134190.0,108677000.0,29718000.0,202502
10000045,Tenal,144336627.95,10135500.0,48923000.0,196577020.0,24057019.4,150020.0,4743000.0,18242030.0,202502
10000046,Fade,230451692.1,0.0,24307000.0,110388680.0,24419844.3,0.0,7691000.0,33019790.0,202502
10000047,Providence,649852947.7,0.0,222479000.0,314270630.0,101337119.5,0.0,60594000.0,18865360.0,202502
10000048,Placid,666735613.4499999,12542970.0,4103000.0,693853130.0,174495410.0,1750130.0,431000.0,195655320.0,202502
10000049,Khanid,943703061.15,8359300.0,345052000.0,2444955880.0,249772172.6,403660.0,69702000.0,248451750.0,202502
10000050,Querious,371988332.7,0.0,263843000.0,524639480.0,52835258.25,0.0,55592000.0,33371020.0,202502
10000051,Cloud Ring,74893801.95,24849580.0,55924000.0,99592610.0,12422618.0,1244000.0,5758000.0,1884620.0,202502
10000052,Kador,1260015821.65,4601050.0,1376078000.0,2615129040.0,435306961.05,507550.0,121822000.0,482318790.0,202502
10000053,Cobalt Edge,680004190.85,352950.0,122643000.0,347065520.0,87858131.4,27050.0,18266000.0,55338430.0,202502
10000054,Aridia,573893149.45,32665620.0,266665000.0,110275250.0,100076580.1,1804300.0,45781000.0,1107560.0,202502
10000055,Branch,133030761.7,400000.0,108280000.0,118614460.0,17643061.6,0.0,20309000.0,26455320.0,202502
10000056,Feythabolis,326235863.0,8678020.0,53117000.0,175748650.0,79531807.75,2051310.0,12027000.0,483310.0,202502
10000057,Outer Ring,40750199.8,1945610.0,82433000.0,83618400.0,5535225.8,55190.0,3156000.0,1503310.0,202502
10000058,Fountain,2282146090.4,7373160.0,897755000.0,1931887540.0,74649394.25,1249830.0,110516000.0,97957770.0,202502
10000059,Paragon Soul,47596461.8,0.0,188416000.0,143530130.0,7991149.3,0.0,31237000.0,3042680.0,202502
10000060,Delve,335821198.0,8655550.0,145401000.0,362853980.0,74679383.95,1298370.0,31380000.0,24619640.0,202502
10000061,Tenerifis,1250195670.1,3250050.0,679818000.0,1296259450.0,42126679.95,310270.0,102264000.0,53216350.0,202502
10000062,Omist,303276333.7,803320.0,209438000.0,107330130.0,28795666.8,137000.0,58773000.0,817040.0,202502
10000063,Period Basis,125966930.6,0.0,90182000.0,69565980.0,50099496.7,0.0,31899000.0,836180.0,202502
10000064,Essence,1647585545.8,3478220.0,606909000.0,1242450560.0,390191916.2,236760.0,118326000.0,53906390.0,202502
10000065,Kor-Azor,777558769.95,6210800.0,331767000.0,195711400.0,152039186.1,397080.0,61072000.0,29566960.0,202502
10000066,Perrigen Falls,2268547720.2,2868010.0,952560000.0,997957170.0,288546703.15,354270.0,163354000.0,26143920.0,202502
10000067,Genesis,903125648.85,6838780.0,537111000.0,655058240.0,169695993.2,675220.0,110303000.0,168393350.0,202502
10000068,Verge Vendor,1782207232.75,1864420.0,3008000.0,457320050.0,407000718.5,151810.0,277000.0,88852720.0,202502
10000069,Black Rise,298322486.3,6963870.0,344754000.0,470931800.0,79384134.35,1116560.0,50583000.0,121866710.0,202502
10000070,Pochven,364069616.0,0.0,0.0,2616020.0,95969384.0,0.0,0.0,16190.0,202502
10000001,Derelik,1439327484.35,19948980.0,706164000.0,1106571200.0,318347072.85,1726970.0,104978000.0,149034860.0,202503
10000002,The Forge,3621670287.4,20753600.0,5064726000.0,2294713010.0,849090390.6,2799100.0,747771000.0,486939670.0,202503
10000003,Vale of the Silent,4687261926.1,5930900.0,1324542000.0,6453392470.0,258061031.65,471480.0,236968000.0,298029600.0,202503
10000005,Detorid,1260024099.65,2651030.0,212689000.0,264199860.0,136896349.3,129030.0,54460000.0,897700.0,202503
10000006,Wicked Creek,20199465.6,4078780.0,2593000.0,0.0,5706174.8,102950.0,480000.0,0.0,202503
10000007,Cache,379331587.45,828390.0,155402000.0,253431720.0,52227322.1,123760.0,24015000.0,3362630.0,202503
10000008,Scalding Pass,144583623.35,4906860.0,71641000.0,48842780.0,16663503.0,257160.0,17087000.0,6213740.0,202503
10000009,Insmother,882950753.8,5714330.0,91228000.0,447294750.0,162574518.3,254910.0,18618000.0,8982790.0,202503
10000010,Tribute,267513270.2,923800.0,547937000.0,1135471840.0,7897692.5,16400.0,61215000.0,25927070.0,202503
10000011,Great Wildlands,30469522.1,5004600.0,24082000.0,159516500.0,8747719.4,325300.0,2499000.0,1338310.0,202503
10000012,Curse,5917814.7,10369750.0,10049000.0,8385000.0,968881.4,381260.0,2298000.0,41440.0,202503
10000013,Malpais,1406184436.45,4645450.0,709758000.0,749360290.0,299009544.15,716020.0,197104000.0,49249140.0,202503
10000014,Catch,595552860.4,3201440.0,513961000.0,2327774190.0,57528726.45,663120.0,67241000.0,46609180.0,202503
10000015,Venal,129089386.65,3703980.0,6992000.0,49241920.0,12170445.7,381450.0,1305000.0,14152060.0,202503
10000016,Lonetrek,2781034346.1,23143280.0,1988107000.0,1858457880.0,670927812.25,2576970.0,347685000.0,353295740.0,202503
10000018,The Spire,1054672677.45,1921520.0,345503000.0,394732630.0,251208946.7,151330.0,94001000.0,17531980.0,202503
10000020,Tash-Murkon,2839464847.75,5336750.0,1073920000.0,1294259010.0,702850669.5,134660.0,145398000.0,155988440.0,202503
10000021,Outer Passage,1147848674.0,988280.0,127030000.0,392590990.0,126535993.15,126110.0,23959000.0,26572010.0,202503
10000022,Stain,57883590.6,149320.0,140764000.0,293349640.0,4094997.3,0.0,14894000.0,2162920.0,202503
10000023,Pure Blind,891661996.4,5421540.0,187760000.0,755111210.0,72380051.05,622040.0,47894000.0,39054410.0,202503
10000025,Immensea,4976320537.35,1890380.0,1243304000.0,2538354050.0,304908303.15,249670.0,196295000.0,72277230.0,202503
10000027,Etherium Reach,1555091611.4,3383580.0,139456000.0,873152390.0,302199250.35,327330.0,36835000.0,42668850.0,202503
10000028,Molden Heath,445487133.55,7653870.0,606878000.0,239371010.0,65777913.25,1102740.0,149880000.0,11477250.0,202503
10000029,Geminate,351815593.1,1830880.0,145773000.0,305655070.0,44646724.0,145540.0,32142000.0,7661860.0,202503
10000030,Heimatar,2461951758.95,9817790.0,659891000.0,673496080.0,612817737.15,1552060.0,83543000.0,21014870.0,202503
10000031,Impass,4866723074.65,0.0,501306000.0,1453583740.0,321408920.1,0.0,89771000.0,41326580.0,202503
10000032,Sinq Laison,3328859401.8,5610960.0,1015465000.0,1400024500.0,731604372.55,591180.0,241512000.0,326838530.0,202503
10000033,The Citadel,1972799710.45,6643230.0,994065000.0,1322398860.0,565945385.25,729290.0,220180000.0,592854640.0,202503
10000034,The Kalevala Expanse,1941142107.65,3099200.0,331262000.0,659333140.0,289671661.9,421540.0,70622000.0,29949210.0,202503
10000035,Deklein,697060097.45,327740.0,113348000.0,395366870.0,39561243.85,92300.0,19519000.0,3977050.0,202503
10000036,Devoid,411803018.95,2068130.0,685579000.0,1816224670.0,82672411.35,198790.0,135353000.0,61038900.0,202503
10000037,Everyshore,1667184133.35,2403890.0,2428205000.0,1401267950.0,404009142.3,196750.0,450638000.0,184287900.0,202503
10000038,The Bleak Lands,178043919.2,1348740.0,177815000.0,85965980.0,50089279.65,236440.0,24699000.0,11143140.0,202503
10000039,Esoteria,1155138611.35,0.0,209815000.0,382099340.0,93048249.6,0.0,37924000.0,13057980.0,202503
10000040,Oasa,1480054289.75,1938840.0,495360000.0,868569280.0,120795262.65,118730.0,54649000.0,21189870.0,202503
10000041,Syndicate,136226316.95,1482740.0,85923000.0,222462870.0,29046044.0,242030.0,21236000.0,28719700.0,202503
10000042,Metropolis,3889324406.65,11345610.0,3087635000.0,1143454140.0,666159543.15,645030.0,519000000.0,167941350.0,202503
10000043,Domain,2604013094.2,5383370.0,1979332000.0,4080398430.0,592054993.9,544600.0,317901000.0,422645380.0,202503
10000044,Solitude,157727123.9,11785210.0,450241000.0,419097820.0,41999376.8,1523030.0,84679000.0,15750240.0,202503
10000045,Tenal,246337220.55,10717310.0,63353000.0,191244860.0,37217553.8,192350.0,6059000.0,21082650.0,202503
10000046,Fade,201297727.8,0.0,22036000.0,114523230.0,27368494.0,0.0,7353000.0,28392520.0,202503
10000047,Providence,575969902.9,0.0,234056000.0,364012070.0,116434113.25,0.0,67763000.0,15229780.0,202503
10000048,Placid,562642826.7,12371750.0,4301000.0,769466120.0,166797175.4,2247830.0,1212000.0,239095010.0,202503
10000049,Khanid,1200446482.15,9559810.0,384633000.0,2412789570.0,251692166.95,757650.0,78928000.0,287427520.0,202503
10000050,Querious,738803068.85,0.0,317091000.0,786734150.0,87267220.8,0.0,47736000.0,25217310.0,202503
10000051,Cloud Ring,171097861.3,23937870.0,128708000.0,200298600.0,19791094.75,618530.0,17759000.0,4338070.0,202503
10000052,Kador,1199492397.45,3811280.0,1460604000.0,2756012880.0,418103804.7,242720.0,137611000.0,561872380.0,202503
10000053,Cobalt Edge,946908423.55,495500.0,156331000.0,339941720.0,159118849.15,144700.0,32188000.0,28552040.0,202503
10000054,Aridia,786866036.15,35485390.0,314156000.0,488334400.0,237604131.75,2880710.0,59002000.0,106762420.0,202503
10000055,Branch,376268162.6,492600.0,222293000.0,322891700.0,38265255.55,27400.0,36071000.0,58612770.0,202503
10000056,Feythabolis,490721769.35,5123850.0,117352000.0,482915760.0,99551646.05,1187810.0,18517000.0,5104780.0,202503
10000057,Outer Ring,53577389.15,3074880.0,59992000.0,44498150.0,3883602.1,63570.0,2743000.0,1053290.0,202503
10000058,Fountain,3745907250.4,15687070.0,921122000.0,2202143530.0,111120342.2,1340900.0,106757000.0,95245110.0,202503
10000059,Paragon Soul,64403225.7,0.0,35614000.0,147626170.0,4468479.7,0.0,7905000.0,2400960.0,202503
10000060,Delve,301148530.25,12150030.0,87719000.0,193069650.0,73300160.45,2668210.0,20827000.0,22057370.0,202503
10000061,Tenerifis,2799989926.7,4637750.0,551531000.0,1624223640.0,172239376.05,503140.0,112728000.0,98063440.0,202503
10000062,Omist,471392369.1,427340.0,260004000.0,119386440.0,58718465.55,112930.0,94263000.0,1438430.0,202503
10000063,Period Basis,372820435.2,0.0,48548000.0,43714220.0,112251846.85,0.0,14578000.0,595270.0,202503
10000064,Essence,1811917623.15,3553560.0,950757000.0,1472113910.0,411003092.85,300020.0,155391000.0,76500800.0,202503
10000065,Kor-Azor,829466578.8,6920440.0,328901000.0,384728000.0,198074475.85,827680.0,47904000.0,48426190.0,202503
10000066,Perrigen Falls,4775840072.25,2789740.0,914878000.0,651886050.0,518624076.35,272820.0,190974000.0,17960330.0,202503
10000067,Genesis,1138164879.75,6607580.0,602880000.0,781139510.0,263210643.6,699300.0,126797000.0,197369450.0,202503
10000068,Verge Vendor,1876488943.8,1350290.0,2506000.0,539603380.0,405227321.85,103250.0,49000.0,105603700.0,202503
10000069,Black Rise,341491962.1,8778700.0,339281000.0,516374510.0,72842641.7,1450210.0,54360000.0,142601520.0,202503
10000070,Pochven,200711040.0,0.0,0.0,10540480.0,78680608.0,0.0,0.0,1553590.0,202503
10000001,Derelik,1097540463.7,20307300.0,715747000.0,1187133520.0,200206226.05,1305660.0,87086000.0,154013370.0,202504
10000002,The Forge,3222767500.75,16501100.0,4865524000.0,2499217170.0,711715968.6,2215080.0,661696000.0,629239550.0,202504
10000003,Vale of the Silent,5261087065.9,5539680.0,1327989000.0,4941510360.0,262965883.15,459900.0,233113000.0,512311300.0,202504
10000005,Detorid,1984923352.45,3024570.0,135706000.0,233978030.0,138543132.4,143630.0,25925000.0,3507550.0,202504
10000006,Wicked Creek,112808054.25,5015760.0,21269000.0,16023120.0,11741550.8,114810.0,1460000.0,1985290.0,202504
10000007,Cache,368125935.2,1033020.0,97499000.0,245419080.0,48271639.5,107190.0,12243000.0,10383850.0,202504
10000008,Scalding Pass,153813930.9,3850760.0,65738000.0,27114320.0,6740763.05,415690.0,14700000.0,3433710.0,202504
10000009,Insmother,670910283.9,6552490.0,86074000.0,397412850.0,153944229.3,145790.0,17525000.0,6166220.0,202504
10000010,Tribute,503519291.45,852880.0,636043000.0,1087856700.0,11009342.15,67560.0,50514000.0,16112760.0,202504
10000011,Great Wildlands,27354599.1,4801910.0,24960000.0,135208480.0,6456660.2,518810.0,5009000.0,5110420.0,202504
10000012,Curse,4421833.4,12307370.0,10675000.0,15077340.0,493955.0,554200.0,2664000.0,0.0,202504
10000013,Malpais,1532220525.55,4445960.0,825310000.0,585180560.0,251498570.45,674900.0,220916000.0,29482440.0,202504
10000014,Catch,868353408.75,8815260.0,445984000.0,426659060.0,53644725.0,1615670.0,38344000.0,29113460.0,202504
10000015,Venal,91982721.75,4171650.0,10142000.0,55211880.0,6075419.4,499630.0,1091000.0,6379900.0,202504
10000016,Lonetrek,2571648699.5,24040370.0,1868722000.0,1424118080.0,549992601.3,2300610.0,292986000.0,220906240.0,202504
10000018,The Spire,1005404209.05,1833720.0,204343000.0,307010090.0,208172200.35,265640.0,54386000.0,15186070.0,202504
10000020,Tash-Murkon,2624792442.1,4761870.0,1108019000.0,1170643130.0,645500139.35,254680.0,118853000.0,195949070.0,202504
10000021,Outer Passage,1016231246.55,1309150.0,132121000.0,309390740.0,127210862.1,226950.0,18935000.0,17790720.0,202504
10000022,Stain,57797460.5,51000.0,138772000.0,276235210.0,3320868.5,0.0,6399000.0,785110.0,202504
10000023,Pure Blind,842822484.15,3986160.0,170990000.0,681958670.0,72463785.1,382110.0,39122000.0,37164040.0,202504
10000025,Immensea,5653889874.9,1954730.0,1124662000.0,2174528020.0,618042396.55,245490.0,168323000.0,42888510.0,202504
10000027,Etherium Reach,1655515678.55,2892770.0,136259000.0,741687770.0,340341579.1,211900.0,28098000.0,23459910.0,202504
10000028,Molden Heath,447687403.3,7027190.0,751335000.0,282272230.0,93535791.2,956100.0,155268000.0,8446760.0,202504
10000029,Geminate,225546248.65,1747750.0,63057000.0,165452340.0,20001841.2,96750.0,15446000.0,2951370.0,202504
10000030,Heimatar,2216521399.5,9109140.0,790266000.0,731646790.0,498867139.85,1403430.0,141096000.0,23859040.0,202504
10000031,Impass,5783510821.1,0.0,648516000.0,1906528980.0,471317026.1,0.0,137534000.0,70174620.0,202504
10000032,Sinq Laison,3191593976.4,6492910.0,1040758000.0,1316301670.0,749132589.8,499720.0,246968000.0,315878280.0,202504
10000033,The Citadel,1843749991.8,4484130.0,967848000.0,1473886400.0,471352175.8,532920.0,189502000.0,687347970.0,202504
10000034,The Kalevala Expanse,3330597588.1,3095640.0,197913000.0,484259760.0,256139043.35,264620.0,52358000.0,10128170.0,202504
10000035,Deklein,734322644.3,446270.0,73609000.0,620529830.0,18268725.55,90600.0,17729000.0,1679830.0,202504
10000036,Devoid,422372611.05,1512370.0,621980000.0,1853815320.0,118752105.95,181800.0,118075000.0,62953890.0,202504
10000037,Everyshore,1558744208.0,1957380.0,2571244000.0,1346306760.0,381881278.1,172400.0,491280000.0,229170970.0,202504
10000038,The Bleak Lands,272884150.85,1242170.0,221716000.0,130434310.0,108317363.5,191540.0,24960000.0,8539810.0,202504
10000039,Esoteria,946486587.5,0.0,213998000.0,282477890.0,73446798.5,0.0,49263000.0,2714560.0,202504
10000040,Oasa,2017717473.6,1874710.0,353359000.0,748478850.0,143233351.25,145410.0,43535000.0,50562590.0,202504
10000041,Syndicate,106692721.95,2179590.0,72377000.0,209173910.0,14673795.1,158410.0,13345000.0,26257100.0,202504
10000042,Metropolis,3148632006.1,10521890.0,3167414000.0,986925050.0,629676511.5,498790.0,526236000.0,138778550.0,202504
10000043,Domain,2847828276.9,4955090.0,1903280000.0,3835150400.0,625268194.5,418720.0,311209000.0,327552080.0,202504
10000044,Solitude,164325498.5,12264190.0,605792000.0,378440200.0,25986159.85,1172360.0,109305000.0,13503320.0,202504
10000045,Tenal,470163596.4,14801210.0,102867000.0,237809420.0,43867706.15,226610.0,12030000.0,14273660.0,202504
10000046,Fade,102637808.0,0.0,16791000.0,100064070.0,15585643.85,0.0,2565000.0,31549410.0,202504
10000047,Providence,560803069.45,0.0,225535000.0,254111180.0,132376788.4,0.0,59372000.0,17725150.0,202504
10000048,Placid,433815920.15,10793390.0,1967000.0,795986290.0,124821386.6,1727610.0,456000.0,265858700.0,202504
10000049,Khanid,1109189645.95,9757180.0,374938000.0,2091415880.0,240891805.45,739290.0,92622000.0,274906970.0,202504
10000050,Querious,509017941.05,0.0,344665000.0,434563080.0,66301973.55,0.0,67463000.0,8203710.0,202504
10000051,Cloud Ring,301467149.85,15334730.0,116482000.0,175210340.0,20115681.9,501410.0,11672000.0,3555840.0,202504
10000052,Kador,1191548805.25,4776750.0,1411020000.0,2479445060.0,427883074.1,373680.0,137907000.0,640024330.0,202504
10000053,Cobalt Edge,1034647570.3,365180.0,144067000.0,298902760.0,245060025.9,65260.0,34681000.0,44938180.0,202504
10000054,Aridia,784807261.7,36856160.0,240313000.0,505799680.0,168983371.5,2999250.0,37070000.0,158928960.0,202504
10000055,Branch,720526755.2,888020.0,101393000.0,230080330.0,27429669.4,71980.0,21647000.0,28098090.0,202504
10000056,Feythabolis,568110563.2,7561730.0,66364000.0,264288610.0,87860264.95,566000.0,13753000.0,3171390.0,202504
10000057,Outer Ring,91583547.2,2526800.0,72914000.0,41498440.0,2280640.15,94480.0,4480000.0,136660.0,202504
10000058,Fountain,4398365708.05,15241430.0,1419743000.0,2275940980.0,68269514.6,1486050.0,151562000.0,63917320.0,202504
10000059,Paragon Soul,102325953.6,0.0,62492000.0,125697110.0,4189176.2,0.0,13920000.0,2259900.0,202504
10000060,Delve,667094868.9,8343400.0,173174000.0,316771300.0,168142782.95,2011230.0,37084000.0,10731680.0,202504
10000061,Tenerifis,3939794291.6,4966420.0,593635000.0,1174505360.0,764659768.7,455910.0,150132000.0,89470710.0,202504
10000062,Omist,592482617.2,690940.0,171758000.0,126756660.0,75018888.0,149360.0,56806000.0,1858520.0,202504
10000063,Period Basis,520142181.05,0.0,79327000.0,75893660.0,191026488.95,0.0,26758000.0,4095480.0,202504
10000064,Essence,1466371122.7,3431310.0,923723000.0,1301375930.0,352972175.9,392360.0,124349000.0,36705820.0,202504
10000065,Kor-Azor,910049940.25,7244480.0,305982000.0,249495690.0,206300928.7,884170.0,28180000.0,44200560.0,202504
10000066,Perrigen Falls,6060340423.0,2572850.0,781854000.0,1293177090.0,469023780.5,329870.0,169509000.0,41061570.0,202504
10000067,Genesis,1107834388.85,6588790.0,599788000.0,825082380.0,257050639.6,887620.0,126352000.0,285133480.0,202504
10000068,Verge Vendor,1678010415.45,1014130.0,3336000.0,569458560.0,343502324.6,26600.0,43000.0,109358800.0,202504
10000069,Black Rise,410561728.45,7646950.0,341102000.0,517706260.0,75104430.65,1180690.0,41923000.0,122928660.0,202504
10000070,Pochven,172754192.0,0.0,0.0,5786460.0,63747336.0,0.0,0.0,0.0,202504
10000001,Derelik,1081411585.65,22189000.0,688229000.0,1487315350.0,229961973.15,1743580.0,70848000.0,273242310.0,202505
10000002,The Forge,3590658121.85,17424180.0,4862907000.0,2548326820.0,914164768.9,2050890.0,693659000.0,609420430.0,202505
10000003,Vale of the Silent,5081239264.95,5873330.0,1357864000.0,4046387090.0,212017961.0,483150.0,238814000.0,181764270.0,202505
10000005,Detorid,2316480917.85,3769950.0,271276000.0,332747560.0,279680574.95,79530.0,49740000.0,4263650.0,202505
10000006,Wicked Creek,140887959.0,5363290.0,11118000.0,54764520.0,32610652.2,378480.0,3189000.0,5101350.0,202505
10000007,Cache,340026405.1,1297820.0,92486000.0,229500850.0,60923785.5,55200.0,19067000.0,8391970.0,202505
10000008,Scalding Pass,202464168.95,4476390.0,61654000.0,36497720.0,13501709.35,316730.0,13398000.0,3534800.0,202505
10000009,Insmother,493311789.1,6707650.0,57563000.0,406964780.0,118868290.7,280710.0,13546000.0,7820650.0,202505
10000010,Tribute,318218592.9,696800.0,881307000.0,986020780.0,17251182.4,26920.0,56614000.0,63266380.0,202505
10000011,Great Wildlands,36868890.0,5921270.0,22982000.0,94779660.0,4616783.9,304260.0,5764000.0,3842690.0,202505
10000012,Curse,15524634.3,18678040.0,16356000.0,13732010.0,329939.0,342450.0,4047000.0,0.0,202505
10000013,Malpais,1963884638.4,5568640.0,733253000.0,656998370.0,249982304.55,556030.0,199406000.0,36014730.0,202505
10000014,Catch,647993540.8,12673040.0,543183000.0,1448619020.0,104447088.35,2317060.0,54587000.0,34686670.0,202505
10000015,Venal,85884924.15,4186000.0,3317000.0,101688900.0,8592968.5,453770.0,914000.0,11873030.0,202505
10000016,Lonetrek,2916638015.7,25713850.0,1709367000.0,1316123520.0,610677741.15,2398750.0,300478000.0,212137090.0,202505
10000018,The Spire,1598528725.0,2577130.0,385312000.0,367302770.0,429520131.85,370090.0,111758000.0,19656260.0,202505
10000020,Tash-Murkon,2681016245.25,4312880.0,1166719000.0,827341080.0,652202474.5,271640.0,145580000.0,168070440.0,202505
10000021,Outer Passage,1149675161.7,930660.0,143390000.0,409230540.0,178011751.6,113000.0,20864000.0,24321420.0,202505
10000022,Stain,80009616.1,93500.0,89002000.0,259185670.0,2239970.6,0.0,9372000.0,895180.0,202505
10000023,Pure Blind,933940202.55,4129450.0,134961000.0,608624220.0,154288836.8,332030.0,24239000.0,41968470.0,202505
10000025,Immensea,6048181532.35,2320840.0,1196303000.0,2192440310.0,832045506.3,239860.0,135951000.0,54894930.0,202505
10000027,Etherium Reach,2477543298.85,3044300.0,180440000.0,826774290.0,415057586.75,302060.0,36796000.0,34805470.0,202505
10000028,Molden Heath,423753579.5,9096880.0,796076000.0,374753440.0,86128353.35,1375550.0,186056000.0,14738060.0,202505
10000029,Geminate,229118572.65,2263750.0,54982000.0,251782590.0,14185747.9,233010.0,15467000.0,2077890.0,202505
10000030,Heimatar,2482492968.75,10896430.0,780089000.0,773854290.0,578340776.7,1350960.0,143118000.0,30982600.0,202505
10000031,Impass,5121684439.35,0.0,434788000.0,1287641400.0,417036408.5,0.0,107605000.0,69531800.0,202505
10000032,Sinq Laison,3291277446.3,7612000.0,1083783000.0,1496106930.0,731185710.6999999,756860.0,259945000.0,358197990.0,202505
10000033,The Citadel,2233340035.85,5674330.0,980830000.0,1547765400.0,621195942.9,460030.0,174450000.0,688606680.0,202505
10000034,The Kalevala Expanse,2952161947.25,3485010.0,154307000.0,493702800.0,417625735.1,455880.0,37653000.0,10482870.0,202505
10000035,Deklein,780780548.0,228600.0,113903000.0,328021450.0,28834168.45,51840.0,17724000.0,931640.0,202505
10000036,Devoid,466510618.9,1708370.0,706186000.0,1680636810.0,112131567.0,251010.0,145552000.0,77272010.0,202505
10000037,Everyshore,1583851299.1,2430110.0,2544071000.0,1441805630.0,383966598.0,253470.0,497812000.0,245540900.0,202505
10000038,The Bleak Lands,268811830.75,2005160.0,236507000.0,70324500.0,88474704.25,364390.0,24928000.0,32574700.0,202505
10000039,Esoteria,765307692.85,0.0,280645000.0,272657090.0,69330747.45,0.0,65044000.0,1267400.0,202505
10000040,Oasa,2068256045.45,1339300.0,463820000.0,894496660.0,147326175.8,133660.0,70903000.0,44321670.0,202505
10000041,Syndicate,179123259.6,1494780.0,105947000.0,253848120.0,24069618.3,129730.0,19551000.0,27096860.0,202505
10000042,Metropolis,3520485836.25,8838830.0,3402576000.0,995185860.0,625592967.15,526210.0,553931000.0,129360850.0,202505
10000043,Domain,3050864277.2,6472160.0,2083847000.0,4042936820.0,644757039.3,614230.0,320831000.0,503888030.0,202505
10000044,Solitude,196758165.15,14424940.0,722156000.0,500119070.0,32022458.85,1889260.0,141937000.0,21933960.0,202505
10000045,Tenal,415233130.35,2385470.0,105136000.0,204933660.0,27117691.75,169910.0,16349000.0,14674890.0,202505
10000046,Fade,173013103.0,0.0,29127000.0,114911920.0,33766882.6,0.0,7005000.0,29891290.0,202505
10000047,Providence,584937026.9,0.0,268457000.0,269116030.0,134531186.95,0.0,63103000.0,25645640.0,202505
10000048,Placid,457963315.1,16724630.0,3810000.0,877758260.0,137646039.4,2271110.0,1079000.0,286732780.0,202505
10000049,Khanid,1237815125.2,11626700.0,362696000.0,2233521350.0,272024754.1,976050.0,96988000.0,390767540.0,202505
10000050,Querious,440287373.9,0.0,323695000.0,473617710.0,35794569.0,0.0,72512000.0,8948440.0,202505
10000051,Cloud Ring,309637540.65,11198660.0,140707000.0,220913740.0,23921303.15,1116790.0,29115000.0,2092500.0,202505
10000052,Kador,1407322307.85,5018180.0,1520955000.0,2740697280.0,431268975.55,270480.0,199523000.0,580376580.0,202505
10000053,Cobalt Edge,1024523375.05,474860.0,197751000.0,391484500.0,188713246.9,85180.0,45757000.0,37128260.0,202505
10000054,Aridia,647471607.15,37703930.0,235784000.0,423503720.0,148049934.65,3500470.0,33033000.0,106884120.0,202505
10000055,Branch,962536189.05,672070.0,161342000.0,243789080.0,68217305.95,27930.0,14746000.0,51631060.0,202505
10000056,Feythabolis,653984220.15,2951420.0,51137000.0,380258480.0,194465002.95,590050.0,12616000.0,2267400.0,202505
10000057,Outer Ring,56883848.2,2176730.0,25618000.0,67498950.0,2416039.1,83310.0,4010000.0,849300.0,202505
10000058,Fountain,5362020656.1,14127170.0,1210557000.0,1898486170.0,47433322.95,2482930.0,142576000.0,21853820.0,202505
10000059,Paragon Soul,58287072.9,0.0,47387000.0,112674130.0,2292650.7,0.0,13544000.0,1262130.0,202505
10000060,Delve,476488396.95,10211850.0,114601000.0,224724460.0,122314271.6,1186950.0,29690000.0,5664970.0,202505
10000061,Tenerifis,2985597995.05,5640180.0,629606000.0,1280645760.0,1030813802.75,539800.0,161925000.0,91792460.0,202505
10000062,Omist,1092244800.2,1227480.0,83746000.0,151961660.0,111885038.0,72590.0,17652000.0,4310230.0,202505
10000063,Period Basis,160873816.4,0.0,24450000.0,38917520.0,78465037.25,0.0,7767000.0,978020.0,202505
10000064,Essence,1524900693.6,3926680.0,683575000.0,1368966290.0,347399417.1,464690.0,95916000.0,36916000.0,202505
10000065,Kor-Azor,862743240.05,7392520.0,360509000.0,441173340.0,195589298.95,729940.0,30329000.0,61041480.0,202505
10000066,Perrigen Falls,5354154702.55,3115520.0,524891000.0,984129660.0,785913815.7,440250.0,128891000.0,85452210.0,202505
10000067,Genesis,1444508609.25,7009660.0,608153000.0,1033903040.0,305988497.65,921410.0,121166000.0,324227270.0,202505
10000068,Verge Vendor,1537883349.55,2108350.0,2489000.0,602384180.0,308243602.8,159970.0,76000.0,129201690.0,202505
10000069,Black Rise,375859797.6,8524070.0,380456000.0,582355490.0,52143495.1,1275840.0,48861000.0,150521810.0,202505
10000070,Pochven,230200584.0,0.0,0.0,9042120.0,101898280.0,0.0,0.0,37060.0,202505
10000001,Derelik,1449000568.65,22423200.0,632809000.0,1537728110.0,306677345.8,2163700.0,112198000.0,402656010.0,202506
10000002,The Forge,3463585864.45,16398570.0,4953875000.0,2642223170.0,903583199.8,1791300.0,694789000.0,670184900.0,202506
10000003,Vale of the Silent,4474786351.65,7366240.0,1263889000.0,4494478350.0,109048746.8,1113070.0,208629000.0,462441550.0,202506
10000005,Detorid,1244018365.05,2243820.0,262519000.0,165607190.0,145322101.55,60160.0,67497000.0,3655100.0,202506
10000006,Wicked Creek,144691186.0,5227380.0,343000.0,11364660.0,33670582.85,539280.0,0.0,1307440.0,202506
10000007,Cache,142708567.55,960800.0,29513000.0,110482350.0,19373478.2,208890.0,8160000.0,5304970.0,202506
10000008,Scalding Pass,69890870.4,4294060.0,24183000.0,30954080.0,4858671.2,342840.0,7204000.0,2128530.0,202506
10000009,Insmother,80797295.05,4206500.0,37065000.0,82905110.0,11682796.85,454870.0,9643000.0,1988350.0,202506
10000010,Tribute,303900730.9,1020810.0,1182899000.0,828810710.0,20359112.3,37530.0,148656000.0,53591490.0,202506
10000011,Great Wildlands,29056781.2,3780420.0,16580000.0,86805820.0,5913458.2,361270.0,3319000.0,987980.0,202506
10000012,Curse,7693190.1,19249350.0,10252000.0,17469350.0,890959.3,363220.0,2451000.0,14090.0,202506
10000013,Malpais,3050154131.7,4785380.0,637907000.0,457103250.0,217872716.9,422520.0,187738000.0,16691290.0,202506
10000014,Catch,396315927.8,19964520.0,286551000.0,272159140.0,69648603.8,1478460.0,41863000.0,6053960.0,202506
10000015,Venal,39186210.1,5576830.0,6796000.0,49586130.0,837314.6499999999,225830.0,2023000.0,12319310.0,202506
10000016,Lonetrek,2863386478.75,21684420.0,1879981000.0,1624079580.0,586183566.0,1825960.0,358195000.0,229687680.0,202506
10000018,The Spire,1785616465.95,2229020.0,129095000.0,223913760.0,362915072.6,243130.0,35840000.0,14182220.0,202506
10000020,Tash-Murkon,2694805449.2,4308160.0,1149980000.0,702104510.0,697183130.8,288130.0,139014000.0,111100540.0,202506
10000021,Outer Passage,1397198942.85,1317700.0,231770000.0,319358440.0,204407236.45,170160.0,33227000.0,11710450.0,202506
10000022,Stain,74494893.2,63670.0,152292000.0,188440470.0,1533185.5,0.0,13583000.0,587440.0,202506
10000023,Pure Blind,936442646.65,3843060.0,142078000.0,498997910.0,183263205.85,396950.0,22398000.0,13239310.0,202506
10000025,Immensea,3454360538.5,1394630.0,421224000.0,560903750.0,493568684.65,84940.0,66417000.0,10630260.0,202506
10000027,Etherium Reach,4753891044.9,2874930.0,308072000.0,679622470.0,733437369.1,300580.0,82975000.0,26687050.0,202506
10000028,Molden Heath,510123771.8,9357100.0,701766000.0,178276450.0,94795545.25,1271090.0,163376000.0,10760820.0,202506
10000029,Geminate,244068114.0,1507680.0,79858000.0,235202570.0,8726500.55,112600.0,17902000.0,4743530.0,202506
10000030,Heimatar,2125434258.75,11131970.0,862674000.0,673699360.0,446975502.7,1491690.0,151630000.0,39466360.0,202506
10000031,Impass,2392935239.15,0.0,172606000.0,707828560.0,196553932.75,0.0,28412000.0,74893400.0,202506
10000032,Sinq Laison,3275947447.35,7025820.0,1023475000.0,1168824380.0,734495822.8,751940.0,209609000.0,289371460.0,202506
10000033,The Citadel,2108366328.6,5086510.0,901958000.0,1645418430.0,585535667.35,469220.0,223754000.0,727257910.0,202506
10000034,The Kalevala Expanse,874691601.05,2600020.0,113826000.0,327028520.0,151170668.85,297190.0,25129000.0,76229070.0,202506
10000035,Deklein,1080554711.1,550140.0,162630000.0,377767470.0,37314062.35,9640.0,25884000.0,322920.0,202506
10000036,Devoid,418836412.4,1515750.0,668389000.0,1641165440.0,122524610.3,203290.0,146440000.0,70380560.0,202506
10000037,Everyshore,1612779680.0,1898020.0,2568421000.0,1068283130.0,387345388.15,112930.0,493671000.0,146552770.0,202506
10000038,The Bleak Lands,292400666.0,1587050.0,309794000.0,83741060.0,108029195.95,181100.0,55041000.0,46612270.0,202506
10000039,Esoteria,439563813.3,0.0,155597000.0,129818420.0,59698808.05,0.0,36918000.0,97540.0,202506
10000040,Oasa,1513589557.0,1675270.0,337565000.0,753895220.0,115403183.45,188650.0,32470000.0,32980060.0,202506
10000041,Syndicate,139828983.0,1745020.0,148448000.0,195595540.0,12074462.2,208970.0,28378000.0,25268640.0,202506
10000042,Metropolis,3884439622.2,9895310.0,3656326000.0,1029096750.0,617146712.45,705920.0,581817000.0,141106800.0,202506
10000043,Domain,3294032995.9,7038870.0,2160666000.0,4026655120.0,765783146.85,609860.0,305917000.0,621555750.0,202506
10000044,Solitude,237100172.6,15481760.0,698390000.0,577191890.0,56615801.6,2057090.0,157787000.0,49341900.0,202506
10000045,Tenal,207720250.45,10333570.0,114233000.0,175876800.0,24788807.65,68200.0,19308000.0,14960060.0,202506
10000046,Fade,198473276.6,0.0,21895000.0,86210210.0,57110655.8,0.0,5823000.0,24090340.0,202506
10000047,Providence,514260039.85,0.0,293625000.0,258413350.0,95461344.45,0.0,64768000.0,13497410.0,202506
10000048,Placid,588956111.55,17508560.0,4215000.0,824624930.0,179966467.15,2781070.0,854000.0,284973230.0,202506
10000049,Khanid,1099751946.2,11671740.0,348383000.0,2392985900.0,269239733.3,1183070.0,80170000.0,393201070.0,202506
10000050,Querious,219028908.05,0.0,145237000.0,231811510.0,18771661.4,0.0,34360000.0,5176510.0,202506
10000051,Cloud Ring,237453759.1,11664980.0,104875000.0,161936050.0,14771406.9,1311410.0,18827000.0,1480070.0,202506
10000052,Kador,1509866218.4,5181150.0,1478088000.0,3343254640.0,445746858.3,405680.0,159707000.0,617478940.0,202506
10000053,Cobalt Edge,544822679.1,196870.0,159427000.0,257306860.0,101435615.2,63330.0,31095000.0,31093430.0,202506
10000054,Aridia,590788409.45,36497460.0,222195000.0,465152830.0,129215721.35,3336060.0,31966000.0,114004600.0,202506
10000055,Branch,1538446421.7,610960.0,156524000.0,159784670.0,31753621.7,66840.0,24638000.0,25468170.0,202506
10000056,Feythabolis,853427376.1,10991140.0,73029000.0,313574500.0,238485108.2,811650.0,10437000.0,4484230.0,202506
10000057,Outer Ring,47111281.15,2009090.0,143296000.0,149789610.0,1586240.35,64020.0,17013000.0,621770.0,202506
10000058,Fountain,5888222516.45,14813010.0,1034360000.0,1930353380.0,48779691.45,2654110.0,131133000.0,30179210.0,202506
10000059,Paragon Soul,37856134.9,0.0,113924000.0,61527070.0,1796446.9,0.0,23462000.0,317980.0,202506
10000060,Delve,181328627.55,10345600.0,76936000.0,40791890.0,42042297.6,1418530.0,20937000.0,1605790.0,202506
10000061,Tenerifis,597578599.25,4023650.0,246179000.0,340971620.0,142373796.5,495200.0,51291000.0,44977340.0,202506
10000062,Omist,1118326795.65,1183790.0,169120000.0,159187780.0,48337978.55,116010.0,30521000.0,481710.0,202506
10000063,Period Basis,70403910.35,0.0,21712000.0,27342130.0,7849459.3,0.0,6510000.0,0.0,202506
10000064,Essence,1580094185.05,5008620.0,702846000.0,1428844760.0,377154830.9,452120.0,116772000.0,46254000.0,202506
10000065,Kor-Azor,832562774.5,7685880.0,376957000.0,477520310.0,211504699.9,643950.0,27196000.0,78191420.0,202506
10000066,Perrigen Falls,2417138820.45,2582480.0,208264000.0,504804570.0,455252964.3,313570.0,31508000.0,41090090.0,202506
10000067,Genesis,1240650017.0,8303950.0,696238000.0,1135019160.0,299938462.5,977420.0,131002000.0,276211460.0,202506
10000068,Verge Vendor,1377983594.5,2092220.0,2570000.0,595986120.0,279943369.6,116690.0,4000.0,141250940.0,202506
10000069,Black Rise,304083094.9,8185450.0,382303000.0,528442500.0,54641804.2,1380950.0,55125000.0,145446290.0,202506
10000070,Pochven,317878960.0,0.0,0.0,3741730.0,111718312.0,0.0,0.0,8390.0,202506
10000001,Derelik,1519858356.2,20580310.0,604850000.0,1482642370.0,375926270.15,1574250.0,106715000.0,332806090.0,202508
10000002,The Forge,3869062039.45,16643910.0,5045943000.0,3042093390.0,934732951.05,1976940.0,616478000.0,636186070.0,202508
10000003,Vale of the Silent,4496662178.5,22846180.0,1174984000.0,4350970460.0,110369211.25,3511700.0,162641000.0,264154350.0,202508
10000005,Detorid,138977658.8,2526950.0,221023000.0,55055940.0,3049120.0,263540.0,32850000.0,3153530.0,202508
10000006,Wicked Creek,6794049701.3,29644400.0,1248012000.0,887857710.0,903984331.5,4676450.0,170477000.0,25300860.0,202508
10000007,Cache,671272451.5,1094450.0,118603000.0,0.0,22377789.05,45590.0,31164000.0,0.0,202508
10000008,Scalding Pass,1039180160.15,3788740.0,564018000.0,243201540.0,219464464.15,634700.0,144774000.0,27861380.0,202508
10000009,Insmother,10999663323.55,6263740.0,1601103000.0,1250029140.0,1698479435.3,792640.0,364086000.0,51493480.0,202508
10000010,Tribute,362808793.25,822220.0,1413410000.0,689727170.0,5265383.2,17860.0,133484000.0,4849290.0,202508
10000011,Great Wildlands,29707481.0,4072690.0,12435000.0,104498490.0,3244161.6,641600.0,3474000.0,20218420.0,202508
10000012,Curse,14275137.3,16280410.0,8520000.0,35718860.0,553331.8,352880.0,689000.0,83540.0,202508
10000013,Malpais,3723905743.35,4682600.0,399349000.0,551851440.0,701527947.75,620880.0,82623000.0,17672690.0,202508
10000014,Catch,667605398.75,8315570.0,458854000.0,532725930.0,76546425.85,1471350.0,97733000.0,2659680.0,202508
10000015,Venal,84667093.1,3761930.0,11270000.0,120866330.0,4283278.7,147560.0,3553000.0,472160.0,202508
10000016,Lonetrek,3176184996.55,24437130.0,2110643000.0,1574718740.0,659626446.35,2136220.0,361446000.0,247397060.0,202508
10000018,The Spire,1570234842.9,1867230.0,190078000.0,255889580.0,433179915.15,284530.0,43991000.0,2916460.0,202508
10000020,Tash-Murkon,2614825247.0,4874060.0,1178444000.0,1016185250.0,673953303.4,310090.0,129988000.0,158718880.0,202508
10000021,Outer Passage,1874671437.35,1226770.0,266361000.0,351053020.0,590179189.15,202230.0,64248000.0,17438580.0,202508
10000022,Stain,74074807.45,287990.0,127656000.0,283048470.0,1295662.0,0.0,15208000.0,2612210.0,202508
10000023,Pure Blind,638432504.15,3914110.0,79453000.0,397504850.0,68061560.0,292480.0,21156000.0,7633500.0,202508
10000025,Immensea,248481117.3,1377710.0,72487000.0,146645440.0,27384932.35,218030.0,18190000.0,884840.0,202508
10000027,Etherium Reach,4290884862.85,2833400.0,345351000.0,730217770.0,753829086.95,299940.0,51801000.0,16585130.0,202508
10000028,Molden Heath,555676137.2,9612510.0,678160000.0,342960390.0,61210828.55,1094160.0,168931000.0,21820230.0,202508
10000029,Geminate,151542896.35,1977590.0,80202000.0,198325230.0,5060303.4,28260.0,15647000.0,1510380.0,202508
10000030,Heimatar,2029408125.05,10864170.0,758481000.0,1032533630.0,308465197.75,1723810.0,104715000.0,50688510.0,202508
10000031,Impass,53847192.2,0.0,11277000.0,111562510.0,3051875.0,0.0,2720000.0,951730.0,202508
10000032,Sinq Laison,3238108968.95,7241630.0,1104638000.0,1232338600.0,767563587.55,544760.0,231018000.0,281172670.0,202508
10000033,The Citadel,1911094568.05,5685480.0,974298000.0,1520733930.0,493661830.75,618400.0,232100000.0,673196500.0,202508
10000034,The Kalevala Expanse,805765751.8,2564930.0,111258000.0,138145520.0,240686809.5,235510.0,16133000.0,11883710.0,202508
10000035,Deklein,580589421.75,466220.0,112467000.0,86543940.0,70474984.0,13820.0,22377000.0,2447770.0,202508
10000036,Devoid,470435949.2,2197940.0,707361000.0,1107006560.0,142293386.3,256800.0,146703000.0,73560420.0,202508
10000037,Everyshore,1468510720.2,2179660.0,2934364000.0,895201500.0,388511262.7,145730.0,517406000.0,139125700.0,202508
10000038,The Bleak Lands,456429470.4,1726010.0,327351000.0,236151760.0,126792233.6,260780.0,59404000.0,42088500.0,202508
10000039,Esoteria,1710688667.5,0.0,308129000.0,215240750.0,402517811.6,0.0,89718000.0,1842000.0,202508
10000040,Oasa,2501301802.75,1645480.0,641059000.0,328182970.0,360044300.15,114740.0,50499000.0,33256940.0,202508
10000041,Syndicate,147786658.79999998,1412740.0,121759000.0,193443950.0,14710137.85,167180.0,16601000.0,21225830.0,202508
10000042,Metropolis,3464375844.3,8389420.0,3663361000.0,1195057730.0,575801876.85,545450.0,493183000.0,145543680.0,202508
10000043,Domain,3583226837.4,7334970.0,2414002000.0,4888255200.0,804628991.35,497490.0,263087000.0,633227760.0,202508
10000044,Solitude,412044862.4,16039580.0,696546000.0,793241040.0,105589857.4,2279710.0,102652000.0,73170270.0,202508
10000045,Tenal,144205279.1,2680270.0,68799000.0,126382040.0,19028287.3,444400.0,4159000.0,11511900.0,202508
10000046,Fade,125952353.7,0.0,40211000.0,66759940.0,48392433.3,0.0,10574000.0,24608220.0,202508
10000047,Providence,892185795.4,0.0,215294000.0,226988580.0,298344816.3,0.0,66076000.0,14901410.0,202508
10000048,Placid,896696331.25,16916270.0,9071000.0,709003180.0,328782655.65,2364370.0,1837000.0,256434190.0,202508
10000049,Khanid,1350287746.45,9588740.0,347419000.0,1388698690.0,271779233.3,1188830.0,74111000.0,197536490.0,202508
10000050,Querious,604054891.5,0.0,433683000.0,81533600.0,46498797.15,0.0,116417000.0,559340.0,202508
10000051,Cloud Ring,74461471.8,2835060.0,82646000.0,85729850.0,4999311.8,535070.0,7583000.0,8510.0,202508
10000052,Kador,1355948183.45,4849890.0,1497516000.0,3070362520.0,432446739.8,357940.0,114599000.0,608935670.0,202508
10000053,Cobalt Edge,864808897.6,353170.0,276454000.0,475300400.0,131295904.5,63570.0,26734000.0,20648370.0,202508
10000054,Aridia,779144908.25,35643560.0,268999000.0,465950710.0,148284811.15,2834540.0,40280000.0,37388340.0,202508
10000055,Branch,2037824994.7,476780.0,269326000.0,319982550.0,79223279.15,17880.0,42147000.0,3058190.0,202508
10000056,Feythabolis,1607921799.35,5977910.0,162180000.0,152099420.0,365492458.6,842600.0,26186000.0,442240.0,202508
10000057,Outer Ring,49189251.3,1508480.0,37646000.0,180290850.0,1485670.7,136620.0,8299000.0,703540.0,202508
10000058,Fountain,6697365715.65,22196010.0,1601251000.0,2040732670.0,89959472.1,2362650.0,209928000.0,21006350.0,202508
10000059,Paragon Soul,428668822.15,0.0,281306000.0,76640310.0,117762135.75,0.0,31019000.0,2324580.0,202508
10000060,Delve,387122859.9,5690690.0,273631000.0,21000.0,64410520.45,1047320.0,70431000.0,240.0,202508
10000061,Tenerifis,1002226891.25,4181360.0,407485000.0,565454420.0,178366747.65,643030.0,98586000.0,18781590.0,202508
10000062,Omist,1254347555.2,1169380.0,152333000.0,185205090.0,17035269.7,50620.0,34243000.0,1196060.0,202508
10000063,Period Basis,202777828.5,0.0,30278000.0,461090.0,84360982.2,0.0,9392000.0,127300.0,202508
10000064,Essence,1390779680.25,5166270.0,831940000.0,507526060.0,331855079.45,348970.0,151784000.0,31988160.0,202508
10000065,Kor-Azor,1079381378.45,7146990.0,318982000.0,396815150.0,312550980.85,512230.0,25778000.0,64826910.0,202508
10000066,Perrigen Falls,1759743916.85,3329010.0,316815000.0,497498230.0,197186426.25,311930.0,58765000.0,43783200.0,202508
10000067,Genesis,1357271590.1,8211480.0,707654000.0,1028023890.0,311402339.15,935740.0,146911000.0,238059170.0,202508
10000068,Verge Vendor,1352758182.2,1652760.0,5730000.0,676197860.0,264256590.65,109440.0,1342000.0,133414660.0,202508
10000069,Black Rise,422431993.5,7447710.0,295146000.0,556692150.0,54598517.05,1400070.0,37997000.0,133449790.0,202508
10000070,Pochven,214791832.0,0.0,0.0,11096660.0,103049432.0,0.0,0.0,25700.0,202508
