region_id,region_name,exports,exports_m3,imports,imports_m3,npc_bounties,total_destroyed,total_production,trade_value,mining_value,moon_mining_value,loyalty_points,month
10000001,Derelik,103532070688294.31,10561166151.0391,97658633239996.88,9543536428.1819,90068696042.0,363952138156.05,659515397323.7003,1982162705506.6,797868100121.2222,1129301917.2834,60336014.0,202501
10000002,The Forge,456292809859663.0,36217662406.0633,494717291484212.25,45302282471.726105,507689879798.0,2312624028410.28,26286611607615.12,740334534849261.6,1243880151172.384,2054618959.2356,602243870.0,202501
10000003,Vale of the Silent,37646397796859.77,2972426210.6053,49753886823342.4,2713280170.2985,5372090572584.0,2310448991020.77,24634190946617.85,11279349627315.648,3223674159376.651,8438377463.1462,0.0,202501
10000005,Detorid,15299196254664.734,1400661748.0823,14436804071398.73,1300564261.5741,645379274784.0,533038137816.38,1409483548151.6155,586409768306.4199,734167553473.448,1205451705.046,0.0,202501
10000006,Wicked Creek,7794825792878.387,491493059.6409,7006487563876.896,463821488.6799,349485515342.0,108496486803.75,13822434474.5301,275907500.0,50319133399.19984,0.0,0.0,202501
10000007,Cache,7581354053093.646,643973948.1974,6646482953445.744,404197350.4031,1413667123126.0,415704881517.37,1153212861020.6665,318099331381.62,345913060091.89355,469938977.4336,0.0,202501
10000008,Scalding Pass,10133309376544.758,941832925.1709,7478925910377.906,551954500.9767,413824359763.0,333062070567.2,90291647209.9385,41159723915.64,214366449424.02124,37314737.2252,0.0,202501
10000009,Insmother,12688483310259.148,1098286006.3741,12365314323446.8,1597033203.124,2846014398456.0,494075088470.23,659394955740.9424,103540846857.69002,886711076192.8746,1726263322.8983,0.0,202501
10000010,Tribute,31074332805453.02,2884710111.7017,29109227184761.188,2136371017.7203,2886784994283.0,758345490048.35,5371738619425.381,15016023259.65,609128605981.6863,2229827831.7907,0.0,202501
10000011,Great Wildlands,12506057639299.443,1300056249.4751,11959573382478.674,1381300851.2676,34075914142.0,134356019271.82,308974638538.0125,20120380155.92,325858857201.7313,816055264.7428,752683.0,202501
10000012,Curse,25922965965782.23,1779998584.2609,21943611190315.715,1671459874.8514,96029393035.0,362512060429.91,224191329790.98,182377260223.27,40087367483.75386,45485939.0095,330495248.0,202501
10000013,Malpais,29925487662447.5,1934944792.826,18434080996782.742,1139504338.7729,1235877777226.0,293746157733.03,5130669792672.21,321147092863.93005,1437327184358.0112,3798883447.8661,0.0,202501
10000014,Catch,111954119864940.12,7594006026.9129,120452624804237.05,8450212001.013101,3116260597631.0,1299557152906.47,10471341068328.28,91275444590.42,912305383858.1472,2184021804.0035,0.0,202501
10000015,Venal,21334987425702.62,1105363369.4189,17765863009291.305,1358300060.7545,472543563977.0,271783602151.44,320342622536.9293,134073688779.72,216536527979.2663,65278178.4676,1001099297.0,202501
10000016,Lonetrek,287893005461909.75,29985721769.9466,279908482466472.2,26611927207.9679,620730867345.0,1483676292901.66,15422574374663.137,22394152135647.98,1103632525154.7869,2176125257.5623,2313269585.0,202501
10000018,The Spire,10424486860715.523,638083933.7155,10084689232541.164,825229458.3225,634979050710.0,230739968261.07,177770532174.4189,11904798935.46,874320440190.024,1123683749.2494,0.0,202501
10000020,Tash-Murkon,59588538619197.29,7142248641.353901,52605846740356.68,6045535997.6909,167162271446.0,243146434753.45,1381810473802.486,3080664757542.639,632872558403.5504,1172221174.6162,105441028.0,202501
10000021,Outer Passage,6554577182133.456,449184916.5153,5344025155802.313,553125613.2388,769727768342.0,154658908007.58,567610562630.7498,0.0,924239243800.0996,1170943014.4775,0.0,202501
10000022,Stain,13449309452004.72,888924131.5706999,12195862004049.406,949546916.1962,331353930437.0,404310906161.76,1341998942552.2285,210701676779.95,337404920692.25806,2001577447.3099,566524456.0,202501
10000023,Pure Blind,26847149803761.93,3603745356.3107,27543534239054.76,3666045079.1371,809966592518.0,964597418780.81,3010125158242.8364,998402599562.12,681403351809.6726,2003172339.4901,380153793.0,202501
10000025,Immensea,31893097294565.01,3515523846.816,40773414770673.5,4300210231.0524,4937794987274.0,1060189769505.86,18954572935006.41,16979218588.5,2431903839440.8022,4002085079.5759,0.0,202501
10000027,Etherium Reach,27249080122015.527,2019144033.4212,28439659916112.78,2134133421.5111,1435272739231.0,907856173457.54,3081590894434.0835,653125718529.4298,1418911072301.5815,5515864082.0586,0.0,202501
10000028,Molden Heath,27687137188839.824,3126642631.346,29074025817240.117,3346226852.638,141910977782.0,945622603424.16,679952849950.7,774562339675.13,342465963271.9812,489339283.506,356442065.0,202501
10000029,Geminate,90612475950945.31,3488831387.4249,91271304797488.77,3768876520.0445,1700132869140.0,930245244229.75,1842124624534.576,295529605205.21,553403254471.2931,2497742436.3174,0.0,202501
10000030,Heimatar,118246885766275.56,13497885884.7757,116285078090697.44,14273613774.5823,255839941732.0,1309330137215.74,2957723152228.87,8977613068904.162,813432940459.9513,800799599.035,183626130.0,202501
10000031,Impass,23605097802678.035,3405237508.5464,24793430640090.227,4704456851.8381,3224251649835.0,797584229316.48,2100225704381.7412,488712777210.39,2072759932944.4224,2250067516.3906,0.0,202501
10000032,Sinq Laison,243426586159619.2,21282445958.2751,236196112291163.0,21078512549.8119,331309678811.0,1531774132613.62,8098083740273.141,21899394370080.76,1128214908731.9329,1815953600.2385,177006017.0,202501
10000033,The Citadel,357307023794473.25,35979537467.182,349756972874585.94,33587603605.0294,340787570567.0,1705820008936.55,17967136511790.633,6354856101920.77,664839202240.0005,1084387468.6918,231844181.0,202501
10000034,The Kalevala Expanse,97185287038519.6,4930654970.1651,93380125440013.02,4836362074.7326,2498771654987.0,734351436536.19,3849745817986.962,7559707975.44,1023730404201.6152,1610834452.1664,0.0,202501
10000035,Deklein,8869429764248.395,1771327082.6472,6285878339599.092,339004797.2667,1402368536414.0,405038928592.62,8711287078992.437,283088359208.5901,727018476715.5178,718822893.685,0.0,202501
10000036,Devoid,83653141767655.61,7504750796.6383,82299761219547.27,7516576443.9421,51551591204.0,194043660918.73,404316933136.4833,779878983188.73,435144895018.1184,1800404470.1726,38818120.0,202501
10000037,Everyshore,33748999050789.28,5461621858.1665,31991393782214.62,4727948870.2624,130213916266.0,243235646198.04,1556748316517.4402,1809998017469.6,681642422112.0214,1269633466.5697,99424709.0,202501
10000038,The Bleak Lands,35595602477976.68,2963079388.0485,33452503045970.227,2756239302.49,30331999661.0,752173756902.42,5189691737402.905,208160775490.81,112215138271.45518,69753348.0069,180700799.0,202501
10000039,Esoteria,30660795080666.223,4151397389.6645,23850508488805.81,1526291541.3279,2078297365588.0,418275978246.7,2454381697919.71,688303359746.7,834642616361.1691,2216107040.3486,0.0,202501
10000040,Oasa,26628701693643.17,2369668386.3998003,26073254281577.445,2023252422.9056,769161816959.0,253330318549.4,8041623770923.811,2994321248.3,981778150093.2576,2929413907.887,0.0,202501
10000041,Syndicate,15661744434482.64,1137621556.509,12221399845449.314,1118202818.9915,144060682344.0,525929549742.43,1242342743221.7607,506874100318.6,394177712676.4207,1323895208.5771,197458434.0,202501
10000042,Metropolis,183952372701807.84,17833930586.998,176104444873879.7,17928926098.5134,1265531681700.0,1186373630096.42,3379634985998.263,12092326763864.293,1146667892321.559,1450306468.079,1540950329.0,202501
10000043,Domain,198903790911828.53,16861533971.3769,196710628433059.6,18168783105.792,327939695453.0,1180113089591.84,3878608378155.046,58314767508751.27,1416860100499.1245,3855129037.5377,149663584.0,202501
10000044,Solitude,37079609886250.38,2678040933.8045,32416867494956.12,2143269328.4035,46696235318.0,165837954197.89,302057772677.8203,349636793703.25,315118185849.47034,743653661.6474,8417402.0,202501
10000045,Tenal,5793391256776.046,405013337.9091,6282249439755.188,300153575.161,1491474916850.0,178399840122.4,2393047901848.5303,18268336564.5,482496012627.5034,446589029.8167,0.0,202501
10000046,Fade,3657089306960.856,312744596.9222,3286320189724.7705,434144173.1877,853958106148.0,152144373202.65,91052155515.1934,45294883799.65,269697763515.6444,467014387.2816,0.0,202501
10000047,Providence,14631275077006.98,1226197875.0112002,21315180110038.05,1337327292.7694,1031683522051.0,1237989985547.22,2151988439677.652,318957659404.76,597379410277.7931,1275514585.1842,0.0,202501
10000048,Placid,72662568118208.36,6719784220.2847,62653796907408.41,5096559309.3092,140226108243.0,1080121533784.09,1300873860730.4475,1878276540294.7495,482161347803.6388,799390778.8444,753264471.0,202501
10000049,Khanid,65665874373783.17,3778522293.4433,61719241594088.89,3687051832.4276,149895470884.0,205287349251.57,364512882922.6746,2330449440191.26,792306885681.1357,2145740146.0343,18983465.0,202501
10000050,Querious,43790652365915.14,3195268856.3412,39750815343477.76,2730371311.5495,3012474591575.0,754388853676.82,3458675112199.48,758546251912.6799,991732765108.136,3080618239.3624,0.0,202501
10000051,Cloud Ring,11431486566103.58,626520012.2195001,14240857193233.234,959192182.401,339741958890.0,337674667195.42,452631721920.3729,52321469308.14,548910767641.15375,827890583.857,0.0,202501
10000052,Kador,61218394078233.69,5031732387.0442,59545091252264.35,4668402847.8547,246925546448.0,234739113938.75,1017551123046.6132,745277220328.63,825428679722.8606,3092791229.0212,102919330.0,202501
10000053,Cobalt Edge,6669711854219.062,445742532.99,6354691242847.056,642985822.255,572013362987.0,230799288414.23,1358461282338.745,16229783303.0,585439686642.4601,1113550505.8798,0.0,202501
10000054,Aridia,18096770256180.684,1526796160.3595,16879894208679.557,1741524750.3795,66372451957.0,372644711173.71,654711867504.7494,1363770271595.4197,691054823047.0768,298760693.4677,150450365.0,202501
10000055,Branch,7501083574461.286,463945554.9147,5920718422052.509,320372553.0066,2814441903144.0,397562953211.97,2245947790430.1807,88844118586.73,496401445482.5112,1342800250.8783,0.0,202501
10000056,Feythabolis,9651414574688.602,434961856.4036,13334773653233.668,2666108237.0785,1285821191811.0,232080952191.49,42920999086.9539,6449584630.1,549753888524.69727,1114862287.1016,0.0,202501
10000057,Outer Ring,7616730378470.561,326043391.816,3572246529528.05,350379956.8252,58618421199.0,51613235324.53,375701084568.4701,561154672423.1599,134502974005.43216,93812001.868,9155008.0,202501
10000058,Fountain,21243654697418.44,1673510647.8689,35696039886339.1,2114653712.4101,5330609685015.0,1606168850763.3,18400597193160.586,10805975507051.78,2193691917040.1409,4678327938.1527,106836449.0,202501
10000059,Paragon Soul,16596435055608.428,1020319431.2391,17105416839118.885,1555916119.5735998,826188359452.0,167477942498.71,2254876150324.382,464398685580.88007,153720308473.51935,2475481424.2852,0.0,202501
10000060,Delve,28271748591095.062,2114263536.3948,22564276628167.06,2134098258.3095,2061243410559.0,1121180750647.73,5605940743703.955,5377134523603.211,504895422930.7743,1019179418.9099,784637328.0,202501
10000061,Tenerifis,94225777751578.28,11231627074.2701,116461295854322.8,8822056017.6302,2074424438581.0,950267176675.66,10209216436159.92,32321720786825.45,1131604430543.1277,2317374932.8441,0.0,202501
10000062,Omist,1785538793509.239,115721255.768,4708733331204.842,197038404.584,541146197222.0,273637845140.27,883588789522.8241,263967702833.61,247459703857.5541,221789329.4939,0.0,202501
10000063,Period Basis,8636484047811.968,802641924.3117,9678540016243.115,776126514.1662,3634743654501.0,567589999130.46,3104486465737.3267,799142879555.7401,254056213810.22327,441574828.7331,0.0,202501
10000064,Essence,231971486095501.1,24774780017.792,233467663694312.8,25393225089.7143,205793743743.0,634253032287.88,1856079898540.803,4410120761735.94,745244568661.3418,1463046854.0204,1118034329.0,202501
10000065,Kor-Azor,70493289626048.3,6090344426.7524,66596821515190.95,5574393424.1241,200597771451.0,342573525202.82,715035639428.359,1427942863200.12,287817903901.8673,282360323.0087,29880778.0,202501
10000066,Perrigen Falls,62278791675485.99,5460895225.8808,87155342412419.33,6547606875.3218,3026590608059.0,1391470510193.4,8843117858135.178,30778474905243.58,1414713647315.4622,1747351016.2718,0.0,202501
10000067,Genesis,204652268189641.6,22852313128.3364,207236542596251.97,22846459490.9817,218816023829.0,1248666320236.11,1626950032957.9358,2869087238814.93,631942304726.1924,1300859175.4259,195040961.0,202501
10000068,Verge Vendor,37413987042012.09,7430806919.8461,40062801674679.7,6747826715.4795,88146669970.0,317161303331.4,688452240729.9003,1752803108016.71,523047055228.93787,506921419.2976,67208716.0,202501
10000069,Black Rise,38394074413990.445,2641535164.3898,32039184287505.22,3654865790.7996,152128005318.0,1232466504525.96,3462891409749.673,668086870572.21,329471713121.28613,490848318.4066,56173824.0,202501
10000070,Pochven,40902719210900.67,854329352.4074,36111800613492.67,866186229.6335,526177707.0,2381662185887.23,27686855324.2728,352622383286.93994,507325796712.2353,26854247.0121,0.0,202501
10000001,Derelik,88943507138929.95,8994198178.287,88334063906842.56,9108048589.5857,70438114473.0,382943360545.32,551865780172.8248,1386508839750.2996,887629904481.5338,1197939664.9535,81851703.0,202502
10000002,The Forge,390865331027764.5,32674734110.2075,436251660037783.1,41521793957.0205,438675325722.0,2344878913210.88,23987933628474.6,687314471711740.0,1241310603937.016,2123692819.1154,595883757.0,202502
10000003,Vale of the Silent,35005333365281.062,2904903377.113,39619227540892.44,2429336386.8845,5609107901278.0,1854110152853.21,22786563414634.21,10192933779136.752,2885031451676.1445,5402275063.8395,0.0,202502
10000005,Detorid,9943698110078.889,667211668.4229,10501534934209.44,893125545.8330001,669837265998.0,334187303581.18,1623678343934.1226,491291073013.11,651045787335.2301,1018743930.9097,0.0,202502
10000006,Wicked Creek,6095700128549.741,345732652.8407,5509618796153.243,363067620.4686,330785734456.0,101962309309.64,3770472469.8377,1898449900.0,46476657690.01218,938175.6944,0.0,202502
10000007,Cache,7806732895370.472,614628110.2184,8972587947481.59,545995353.1656,1408728226150.0,453139504220.59,840447965762.8578,334682782185.99994,405252850636.7883,686024880.3587,0.0,202502
10000008,Scalding Pass,10602340166188.371,862941788.9226999,15471980658845.094,1815968789.7968,321648367030.0,456485658569.39,118014479662.4859,61566584195.25,205080600272.2964,79356089.6199,0.0,202502
10000009,Insmother,12153808208323.504,1060773560.2417,10667629571047.629,1039483862.1767,2858033325464.0,572890070553.47,545177842071.2445,111895577357.68,701729884256.689,1474537987.6547,0.0,202502
10000010,Tribute,26711170345119.863,2629340940.1806,24312521199880.062,1623509723.0218,2367764601711.0,720548364079.13,3933493566919.361,2983281080.0,517929160365.20526,1649586154.9509,0.0,202502
10000011,Great Wildlands,13140846098378.172,1338102214.2952,12887592709092.35,1368709512.6616,33749456755.0,243904699389.73,286667499260.9029,27389626288.300003,279505553433.53143,1423285253.8633,4389505.0,202502
10000012,Curse,26207141753768.504,2305111587.8656,19918566700694.09,1940500615.4654,102018455276.0,262799186027.8,253753646020.0555,161050032266.47,52674424860.62713,65460783.765,363484268.0,202502
10000013,Malpais,26233838020040.848,1716692067.248,18627879112680.945,1117737354.417,1253152080714.0,267025774862.02,5067308990045.26,381692414579.2001,1262226040663.2476,1451686135.3309,0.0,202502
10000014,Catch,88237347376268.92,6374355006.1714,97097257141223.3,5991329359.5197,2724422464441.0,1263555313713.79,8519835907073.917,115268202226.93,1163724723399.471,3317885860.6044,0.0,202502
10000015,Venal,21138870317523.91,1031041143.2507,17925514421844.63,1432873672.238,363205736839.0,320365808983.42,259199449142.7103,139013346021.77,445918277097.581,882501949.0569,705617347.0,202502
10000016,Lonetrek,263051010384977.03,29480890854.3006,254065136281564.4,24600903945.493706,572189759092.0,1618388377522.84,13884476230110.611,19677386322261.43,1079516091255.7312,1908692503.8623,2481583911.0,202502
10000018,The Spire,11626195050030.762,880184926.0475,12672090269955.266,955110097.1865,793271199681.0,163438233259.4,167177722419.5525,12703734395.16,854483485180.7146,1113130739.1679,0.0,202502
10000020,Tash-Murkon,50625065398887.32,6039039069.291901,46914689934133.086,4617355920.4274,159306496560.0,243268590884.93,1363545159118.1985,2498696928705.7,637244848162.8553,987299209.451,111835357.0,202502
10000021,Outer Passage,8884413773793.068,448975133.4182,11614224830844.24,558620613.3002,694074323335.0,186108226511.67,926222440181.701,273725000.0,904577019205.4994,676168357.9724,0.0,202502
10000022,Stain,10224491929088.172,794713867.5856,10046692838619.764,898704012.425,292648655610.0,349194155767.68,1408153023109.1897,232486982462.64005,297310956402.08984,965380965.8781,517817545.0,202502
10000023,Pure Blind,24868385306981.3,3072589860.815,29072799979329.934,3564533314.2692,984076691750.0,1063917015621.54,2539475558882.04,846785194578.3401,613727779098.1322,1597564471.6061,333869757.0,202502
10000025,Immensea,31124504224396.77,3262889355.6128,39191037099072.28,3527288602.0091,4026920475413.0,903554066043.91,18647831356022.195,18323197864.02,1888277206199.8867,3520357768.7697,0.0,202502
10000027,Etherium Reach,25148016142377.016,2314169980.8575,25825800892580.21,2476140175.445,1289778508895.0,678936299676.87,3676191098764.853,683453533902.9202,1296907869954.8457,2906642656.0357,0.0,202502
10000028,Molden Heath,29719135201743.297,3620755941.8692,23133724855114.33,2695085919.9957,130992108094.0,155938750542.67,692785647465.071,485929309328.1001,361075441952.1255,1474272807.7851,348416084.0,202502
10000029,Geminate,85742402744011.42,3647729102.0293,83413827865037.1,3741888972.7971,1790366322576.0,835138242842.48,1355299655605.3503,247940361678.09,444211812287.5652,1636829884.6386,0.0,202502
10000030,Heimatar,107923911444581.28,12475123930.9588,110396337037514.6,13128038431.8643,210533273403.0,1294885718085.51,1885712843525.775,8012540357341.102,781329455041.5116,822837574.9437,142518758.0,202502
10000031,Impass,24783356734306.703,3472190292.4772,26014502604394.117,4094207470.4907,2068123812648.0,467177596528.11,1877969069209.5996,253268224034.85004,1907926142342.2527,2795376918.2713,0.0,202502
10000032,Sinq Laison,215248316138142.62,18352657459.04,208943811749109.38,19064970579.0556,251869312512.0,1407772614159.41,8567465045355.766,17885477335570.117,997331729979.6646,1404071435.8211,132925554.0,202502
10000033,The Citadel,315506150372033.0,30649372944.7374,305228224756035.8,28351496979.5015,302602501614.0,1525182833199.83,18148514175779.05,3617251178746.76,638287056398.6709,1184035266.843,182425122.0,202502
10000034,The Kalevala Expanse,82540175167096.45,4800847030.2332,86841032109820.9,4532468781.0698,2604752577099.0,797141896708.31,4270152473742.121,30605354965.22,938870790428.8888,1998101858.9914,0.0,202502
10000035,Deklein,8110770322237.558,1637043829.7305,7688178243731.286,372625032.1175,1182011923315.0,432564647779.36,9591272671762.46,346322411600.1701,730103622648.1622,784270523.3671,0.0,202502
10000036,Devoid,61366920111642.95,6786840520.8169,60350412619507.78,6721338482.701099,37359391004.0,79474787070.32,458388981049.4346,678635092811.4098,436157693591.6464,1381455951.3494,29656702.0,202502
10000037,Everyshore,29094798949520.027,4110722864.3981,24660711847722.3,4074938149.9415,117508993901.0,696070952799.33,1472726313983.137,1471281198199.8997,574750982359.8837,1194508598.7654,83374563.0,202502
10000038,The Bleak Lands,21677197002401.355,2021942256.4383,23036942661117.84,1511995916.8893,30237078886.0,269710115991.84,6563578968295.618,274742050672.3101,135448677483.18549,229416974.1722,239987117.0,202502
10000039,Esoteria,28019510674865.72,3606192988.8827,15850998474253.549,1433467438.0637002,2114982379500.0,413204431830.17,2514487629692.3994,231249826803.09995,657815655289.6422,1313539839.5344,0.0,202502
10000040,Oasa,24812413100261.266,2074171798.1357,23366485176486.85,1842824029.4652,669794203833.0,220314605683.06,8882255607831.361,4695208070.0,954480556009.8944,1166116467.6804,0.0,202502
10000041,Syndicate,13244988148584.832,712527316.0362,11702702733563.428,990762170.5073,138903527702.0,483779597896.48,828908677645.3077,502127215342.0501,343099328458.8403,1098911704.2833,187290725.0,202502
10000042,Metropolis,153772514821591.56,15728617665.7698,143286007027004.5,16101280271.8407,1112569890123.0,1780877833719.97,3305915550959.2124,10933026567242.03,1060020336488.805,1220163290.6624,1421955989.0,202502
10000043,Domain,163159368724481.3,14456145021.2174,167295669857655.78,16477527775.4536,252973213984.0,703294474259.15,3594775374853.249,54775250804582.61,1356512739911.8506,3577278694.1697,148718970.0,202502
10000044,Solitude,31871493685760.96,1892574082.4785,30211552897779.137,1805524042.3455,36213207572.0,155122639516.69,286210415403.7114,361660041477.0401,333391711450.1968,568244397.4776,11294070.0,202502
10000045,Tenal,4993758936758.097,291773006.5385,5562745133243.105,209831763.4285,1457262735962.0,144481795234.04,2615458253752.793,37752199566.7,344195412730.736,605427075.4323,0.0,202502
10000046,Fade,3390222877040.922,149342322.07840002,3149449409999.497,311907251.3814,820498133604.0,206944185011.98,134060218823.0348,29807747857.660004,188367387222.2517,285086858.9156,0.0,202502
10000047,Providence,10790063623841.996,681973637.0019001,14875642387684.191,838715269.0806,895993737755.0,1046719412657.16,1783475587737.454,289931892237.58,573180664936.4408,809870053.6136,0.0,202502
10000048,Placid,58499826998499.96,4537393662.3845,60068551771953.625,4857009800.785,71744548741.0,970479890548.69,873581669407.4774,929489061005.08,457827495444.0275,659939180.8844,489420786.0,202502
10000049,Khanid,52204812850347.85,4275723507.9308,44038875985391.24,3511741944.6052,40301394465.0,172369446974.4,476596699919.5012,1417549282712.64,814965504919.5433,2167731230.3624,18221146.0,202502
10000050,Querious,40729883164060.86,3339060181.8124,39718657072057.14,3098328060.1549,2885922127570.0,707427488613.18,3369258370556.269,838542482892.7601,613925123835.742,3066162469.3312,0.0,202502
10000051,Cloud Ring,13302539563898.51,614799766.6584,10781198083955.53,726338187.3046,285146187953.0,494741136675.18,503649764446.6366,68731069978.2,362737083529.71576,1038989393.8903,0.0,202502
10000052,Kador,50546023279687.51,4096592973.672,41302034719658.2,3443060693.5177,151857477031.0,118155051633.89,906329067237.7446,677989465518.4403,779832939320.3059,2488660341.3885,97764318.0,202502
10000053,Cobalt Edge,5819067014583.839,445106028.9372,5338762597554.725,398954221.3612,400774510057.0,149537094731.79,1759794687943.0806,9614898636.0,636754579519.6812,617650979.5838,0.0,202502
10000054,Aridia,10632845003793.484,873398616.9633,9537804517818.41,990078446.3161,63558472634.0,260414479140.03,608916706392.5894,783167881294.99,837936771168.9291,528629693.5736,123525203.0,202502
10000055,Branch,6954315494811.713,459257762.2034,6349390449548.435,308694048.1505,3078691326775.0,423815900338.92,2398303917703.4707,103815676381.98,232760897661.368,554856910.6312,0.0,202502
10000056,Feythabolis,8605292682116.888,522907099.5417,17623753779270.625,3439333945.8407,1332854086467.0,279550354302.86,51735764031.7236,193159648771.58,490052172578.3645,649836548.3255,0.0,202502
10000057,Outer Ring,6465605501816.395,337504277.4281,2832068932406.43,325710565.5671,58797270636.0,43988892847.64,424345511823.0451,426515576915.5201,64713458618.154335,72068816.356,11180736.0,202502
10000058,Fountain,19958077940012.34,1566545709.762,39341430416829.96,2797675895.8185,4958268568280.0,1597369872506.96,18231092619570.902,10070793899005.81,2039852428520.48,3031970415.6767,99224885.0,202502
10000059,Paragon Soul,10019313012941.924,951978708.5887,9512026959990.855,615655931.7395,733684657266.0,159398789670.11,1781860212888.1748,441879135626.28,135072853794.27982,341000826.5225,0.0,202502
10000060,Delve,39510500643564.95,3970594785.8552,23555633268006.76,2076077272.7938,1698106649080.0,1699973742095.77,6269137778406.892,5314628622271.42,647861047164.3478,1647992343.2437,741112809.0,202502
10000061,Tenerifis,82104089290997.72,8834309844.4335,91720015566598.06,7801474196.411201,1663053329366.0,992534777811.29,8366370230358.2705,29444373933816.87,1037759797373.3744,1903555423.8165,0.0,202502
10000062,Omist,1651956402942.588,62875429.111,4035832632405.8174,205843718.2125,539701379515.0,222921182815.53,661049892393.3909,258925252815.76,274797966775.8509,758351891.3356,0.0,202502
10000063,Period Basis,8237246118116.346,430598634.412,7045084522313.767,493345422.03,2773357961509.0,557307507614.06,1760029062161.7258,638895362182.0498,221271012411.5957,254017901.1408,0.0,202502
10000064,Essence,181388770955871.84,19338060583.8601,179487531872088.06,19601065995.103703,165619283514.0,659894176683.81,1664469905378.2207,3630141727210.039,711168100600.7621,1503615776.1854,1132403880.0,202502
10000065,Kor-Azor,46811927409085.66,5117079622.9515,48022563918746.06,5071114976.1112,153835295468.0,153839938525.46,639078694783.5299,1578150784007.98,332842236741.9442,204085508.886,29946027.0,202502
10000066,Perrigen Falls,64519852633757.58,4970603720.9879,80193237089850.77,6098235040.8508005,2887668243632.0,1181068166198.57,11145275439100.072,30400415359711.777,1546206566906.9685,1814952167.5465,0.0,202502
10000067,Genesis,167273998653538.6,18387291815.2363,163342635726252.25,17358214025.3767,202153379275.0,930526103733.51,1557723982879.0193,2133227286304.08,470121289290.4696,710819303.8596,153715069.0,202502
10000068,Verge Vendor,31412245164808.02,4658333473.8516,29619536466063.426,3761361620.6627,75461038236.0,158010581397.43,694120941474.6658,1782047386969.87,502372742811.13416,530111319.7973,52395298.0,202502
10000069,Black Rise,35823534614717.1,2851415915.3118,32831173999670.79,3726536690.3232,47494471551.0,1212410593440.4,2651668694481.4014,566468363127.2101,268796806512.46637,416085953.403,51975694.0,202502
10000070,Pochven,37325044717590.336,653776058.4157,33069178251181.92,784597105.7372,1755331888.0,2784858954317.61,32657877599.4089,417158518957.31006,321535096109.8047,11111077.8708,0.0,202502
10000001,Derelik,93530681697650.44,9334843127.9134,87732161644271.0,9036933282.2372,74257742867.0,582361748552.28,799986772785.5892,1641270434552.4,1015652400747.2908,1603607103.6117,105982494.0,202503
10000002,The Forge,470780413476382.1,38521619577.4605,502294312168679.6,48086002960.1708,461705492852.0,3175299223222.52,26599124707624.035,717297643655033.0,1162495541772.61,2291919292.3475,620755868.0,202503
10000003,Vale of the Silent,44018262810655.01,3743849869.3735,47517310627632.58,2877523680.8098,5628767943132.0,2144041796005.64,24023906530812.41,11703450814234.682,3544326788022.6143,8020316548.7111,0.0,202503
10000005,Detorid,9866301029347.676,648947887.4987,11283261568480.0,842026797.9442,592527691606.0,405492225420.71,1430284921378.841,519371548247.62,993351084902.1316,768241049.1798,0.0,202503
10000006,Wicked Creek,11225298893042.717,1002289481.7877,11707526894485.414,1420814787.5737,286114235362.0,223309075727.11,23721662787.3299,31820866492.740005,51847263844.54691,0.0,0.0,202503
10000007,Cache,7065429693798.858,489588718.076,7380423440619.586,460525025.451,1499609440594.0,529188598385.57,964076208844.4594,397447362078.7,445062593441.4108,606021035.4198,0.0,202503
10000008,Scalding Pass,11687876398085.633,1384952856.9337,9310346594007.23,919675606.5854,295247322172.0,714208123822.82,85927976249.9792,19990452116.61,191604402261.7988,54110169.9851,0.0,202503
10000009,Insmother,9942390865352.137,680557264.2149,10413442915949.115,1322652272.0074,3143624174306.0,755969449108.39,589004701845.1313,140751290609.3,949706559454.354,1369700640.0664,0.0,202503
10000010,Tribute,30604728404721.164,2984803293.7136,31413129701060.52,2141878097.9713,2675609807315.0,772032420031.19,7187955753815.807,2917160490.0,635845304265.7451,1795839788.8285,0.0,202503
10000011,Great Wildlands,16547452515935.756,1291694055.9894,17794147556631.39,1863355436.9787,38586054632.0,333114169171.67,286098319246.8632,117367582712.68,262363610574.08337,789376145.0597,2919812.0,202503
10000012,Curse,26761337830042.89,2258489385.9927,27738196964074.18,2973800342.6952,129581331809.0,410505182508.24,316232862843.002,182252239389.7,34997441435.630936,8129653.7176,434313193.0,202503
10000013,Malpais,27362627513568.48,1949506398.4435,25480178078725.81,1258800642.2812,1225346422385.0,310612165865.83,6886506631614.95,352053065860.9601,1555376728692.322,1587342566.5736,0.0,202503
10000014,Catch,103607784705605.14,7270872982.3119,104518218697201.44,6975501681.5472,2647007027150.0,1266468962138.21,8882961565641.262,147160943451.26,1525733861369.708,4635339952.4419,0.0,202503
10000015,Venal,22561508248259.4,1050126538.5455,18034852185455.887,1274956329.7812,464753885702.0,402914986204.48,404596890359.2599,104799057871.01,225913374862.2409,114963157.5418,894129581.0,202503
10000016,Lonetrek,298154666476866.7,31561229484.536102,290193721957077.3,27254014995.7425,587730445543.0,2121518611644.66,16450084317642.156,20433064710750.777,960222342157.0386,1874969571.7978,3221287762.0,202503
10000018,The Spire,13170549768664.145,904629964.7947,11628094251725.027,900520815.7512,776208080659.0,237939519810.35,373209156361.9449,9754920949.69,1271140873508.3867,983794061.0756,0.0,202503
10000020,Tash-Murkon,57712461338748.71,6698692192.8287,56740906578964.81,5365984879.8144,170223009165.0,279148340019.65,1572720791577.3547,2265703121791.77,722437389783.5211,1324467995.6135,135707265.0,202503
10000021,Outer Passage,7730106289904.438,456759647.0755,8345701416017.061,552267823.4165,612531814079.0,172557380702.76,1283717157534.4255,167278000.0,1007932226616.293,900808712.1729,0.0,202503
10000022,Stain,10034929065932.166,586459167.0922,11610512246878.783,757380671.0785,291937996302.0,462008658335.21,2195316866364.4011,242456245791.68997,379448819210.0073,1428980611.7983,640132006.0,202503
10000023,Pure Blind,31532408241040.484,3544122092.9737,32252001249744.59,3876219369.4467,827463488802.0,848797125600.14,2649612764623.863,1372481569245.04,893251514927.9451,2437822950.8895,504684034.0,202503
10000025,Immensea,38137111770625.59,5528780226.5285,46629496501896.41,5389433845.139999,3885600257941.0,954954401473.58,18379028863901.293,15877578880.6,2963891263843.7427,3447773633.4237,0.0,202503
10000027,Etherium Reach,30257543192797.12,2490506299.1016,33809531458574.977,2474046122.6948,1261627631466.0,621404140664.5,4191061553889.474,578018492843.3701,1658945498420.243,2517571784.0112,0.0,202503
10000028,Molden Heath,26808429666283.68,3219749196.2233,26573307230412.945,2736624519.3343,125050350878.0,183667557138.98,824569239868.8586,623576701468.5,350807054010.7299,603464536.4423,385984336.0,202503
10000029,Geminate,100606678809470.95,7231177575.333,88432366822634.62,4890574516.2656,1599111039044.0,1050966996812.11,1570226273663.8577,195122861852.29,513816907304.20776,937052429.9057,0.0,202503
10000030,Heimatar,129422825286063.16,13636394427.6631,122195160687062.02,14134575386.8083,202690325188.0,1162150577380.01,2047731794063.9624,8064422314166.969,671919043028.3463,664447458.9453,154704827.0,202503
10000031,Impass,28205068002567.84,2774968015.4369,27005864475052.74,3608050755.7394,1896430328630.0,675720521366.19,2106003643344.0056,216693489889.49,2570467640950.656,2693012541.5248,0.0,202503
10000032,Sinq Laison,248395842251148.2,21671249715.1278,239236452176282.16,20809012664.4066,263556407741.0,1526917127427.09,9841260085528.545,18535675582461.824,972085763735.3073,1597966373.6976,140070360.0,202503
10000033,The Citadel,349206190218591.6,33948699866.4705,343201855874133.1,30477631089.9988,328223075047.0,2406920860909.29,20699974872718.0,4760129636254.709,599453420396.8179,1290332626.6783,249488965.0,202503
10000034,The Kalevala Expanse,93104379694140.72,5456973201.3477,91787656222942.0,4966690335.7821,2939196537724.0,1008934462298.49,4527504402956.888,13350942882.97,1609855937030.2954,1708749462.5555,0.0,202503
10000035,Deklein,7366274766779.995,1567879486.1312,8178471503832.674,624691479.0339,1522353853320.0,440566247979.45,9057829125727.836,371301762351.99005,678377600806.9904,927992266.5613,0.0,202503
10000036,Devoid,76860383784983.23,7917447266.7702,78161397008436.03,8164346615.5977,41486798558.0,360675642474.31,380395846336.022,800273679853.5797,437695016979.1762,1751283936.3742,34532917.0,202503
10000037,Everyshore,37190136790428.29,5876466211.7895,30935350684018.05,4636322388.9649,113697498120.0,202403516352.56,1598022254434.0786,1734955942381.98,570000324378.793,1394176722.9397,84386040.0,202503
10000038,The Bleak Lands,22561198567966.145,2428359958.836,21821250134484.145,2139871327.97,26288629051.0,888394102140.29,4822302698925.433,332654461038.0299,105911231131.21423,104680506.2953,226120606.0,202503
10000039,Esoteria,27289646718387.957,2236094631.6538,19911219282928.125,1645132913.4158,2003106052894.0,512272088396.05,2157310613296.772,158507444218.96,1195530487334.1074,1044507980.127,0.0,202503
10000040,Oasa,31261972964162.742,2921264365.8962,24436899861443.9,2033834824.0777,657782554357.0,243872174056.39,11579283668789.885,3779759100.0,1204158803707.1553,2504180868.1516,0.0,202503
10000041,Syndicate,25197569114532.57,3092056577.7567,21640700012443.32,2962312847.667,130821686822.0,490217501073.64,1091357023652.014,623743864748.05,334527962310.53644,840150524.3062,178544282.0,202503
10000042,Metropolis,176261961237098.84,17236117182.4987,176522907605591.8,19599618885.688103,1187852336197.0,1612545118323.83,3785858003779.381,11663722382817.27,1029220045515.1172,1147571581.0581,1600089197.0,202503
10000043,Domain,195823318317542.97,16731236510.2545,197275780319301.56,19537862735.301,258958922383.0,763826564765.66,4120149978240.1714,62427837750060.914,1421216979989.9475,4239848810.0432,158418530.0,202503
10000044,Solitude,41703097845771.6,2297879174.1925,38657285097923.67,2173696033.868,42277195616.0,183426901627.37,350178732701.455,262147027307.46,255419883520.2248,484203212.879,11631048.0,202503
10000045,Tenal,4915798540404.714,159441243.31399998,4287005561067.353,226590594.1432,1729023447028.0,235972225094.01,1396543103233.1882,38936168862.6,412299269822.1653,474884178.782,0.0,202503
10000046,Fade,8164868169884.059,868578766.641,2273079628422.9883,175607122.3585,423313684074.0,135942846716.69,252096840120.8025,7573388375.48,193145084048.21808,575110787.0117,0.0,202503
10000047,Providence,17502867118105.947,1051772188.0332,20481061287061.938,1508700518.2942002,785399436313.0,983615059671.9,1797508201274.2834,316375168858.86005,657881953923.4863,1608612746.6351,0.0,202503
10000048,Placid,70961390360855.72,4375423558.0642,67427181992862.66,5676740016.654901,83668216587.0,1616658693660.65,1180511016867.4253,1130756732858.82,389653083452.0914,818487343.9725,756558011.0,202503
10000049,Khanid,56297661311941.52,4241607223.8415,53677647086430.95,3900448509.0827,40439109426.0,267632697018.65,359068593288.5703,1356742966794.84,830036189133.4845,2411119309.1493,16555269.0,202503
10000050,Querious,45675890844399.5,3586206493.3327,42133036785725.07,2742893741.3115,2977878102286.0,929736569009.3,4316144388594.974,1029929276266.2296,1157282136819.0154,2557577208.5195,0.0,202503
10000051,Cloud Ring,31185039651010.45,4456492691.3484,32805466732669.7,4889016346.0839,265664520439.0,444760922196.08,520608525177.2405,90497000710.54,426988984504.2644,596172917.44,0.0,202503
10000052,Kador,64954395232517.04,5853309661.2035,60774958892785.95,3553343934.6358,192765375528.0,308466697743.48,1150524574802.2278,748659407810.7899,744392706440.6498,2729000841.8174,131121809.0,202503
10000053,Cobalt Edge,8092886047604.813,718188782.0522,5356013458294.24,371931835.451,361487236497.0,124198110423.05,2523399405863.789,3500561654.3,894393063316.9469,1048185148.6073,0.0,202503
10000054,Aridia,13265787895901.955,1002749284.607,10426390250026.615,1113592482.449,74722384471.0,504878571469.08,544326125803.5416,748703017338.6398,1047974926586.2042,697344008.498,228269470.0,202503
10000055,Branch,7262834358144.203,367106873.2337,6169781162191.121,327651238.67770004,3046772004573.0,367284889538.36,3182905522775.096,116529356788.03,607798152159.3247,1644517651.7327,0.0,202503
10000056,Feythabolis,10506598662616.68,817225845.3126,13004601696826.55,1365685669.6791,1330659112538.0,376662151370.49,150543777595.4529,190365167610.64,761936447165.5209,1717622079.7225,0.0,202503
10000057,Outer Ring,12271680911956.582,543137929.891,6430189745763.694,623103141.985,52768890736.0,65647237237.29,1054794417448.837,744916744576.1001,68546001304.05867,85758248.8449,17423741.0,202503
10000058,Fountain,31009100750553.97,3430028717.5375,50850817604068.26,4147363543.7822,4511225435365.0,1560104605994.35,20645138241218.223,13671662553872.746,2890465616577.97,3780680817.7009,119816923.0,202503
10000059,Paragon Soul,12528289331407.36,928039993.1507,13428163905025.137,1102861166.6359,616609285902.0,144429787072.53,2279441348141.3486,548427355745.1101,172141947038.82327,437129824.9213,0.0,202503
10000060,Delve,35811898831607.14,2188765644.872,29504644592119.195,2390810557.3468003,1579433730069.0,1670187214376.71,3920718678937.294,4822248455034.701,433574706365.1324,547167016.3145,951098216.0,202503
10000061,Tenerifis,88880091189672.84,11392755234.2207,107974395516481.69,10099840827.8577,1473641040020.0,911564189787.14,10666988574477.742,33119883219808.445,1816592480265.5403,2649062283.3484,0.0,202503
10000062,Omist,2002252016793.169,284345557.1122,4632696542182.352,304562919.1412,403052471625.0,195560067168.34,1111767873142.6768,263350018306.70004,351713449387.6172,284745854.6665,0.0,202503
10000063,Period Basis,9633120029471.68,448362087.032,12008030198459.3,612178240.2932,2789810205013.0,510698992362.11,2540492697598.521,597410820794.64,304727447369.8476,111529183.8498,0.0,202503
10000064,Essence,208214036141455.4,21587827691.9652,203590554435182.38,20882143003.0904,136183581636.0,1339803779188.41,1797103376134.528,3910607737145.44,726872933497.1301,1679945952.2961,790795538.0,202503
10000065,Kor-Azor,62181578913849.58,6644982767.626699,60486121760713.79,6955394643.9397,182180297300.0,255170927309.99,639722992128.9734,2081081770320.41,342346163472.62384,375718778.1316,36095477.0,202503
10000066,Perrigen Falls,64456572167295.4,5509459761.1586,90542902403911.31,7698275645.796801,3099434119661.0,1341724268309.2,11085711328416.87,34244655573857.168,2529821413923.818,1400156955.6303,0.0,202503
10000067,Genesis,202833393929707.25,19504672089.4319,204051085081131.6,20182489642.1412,205710372978.0,975212970470.96,1447688433975.6274,2696299733377.6704,490929777712.8927,806840939.2563,164298629.0,202503
10000068,Verge Vendor,34830083234881.05,4222168890.9000006,36035163423659.82,3777939320.9144,76232996815.0,113667254059.92,910615216052.0958,1716606736971.57,422850364046.7639,550503839.2646,59669503.0,202503
10000069,Black Rise,31760506406260.02,3438601532.7079,37331455521987.59,4299633874.7945,45769217269.0,590917248241.67,3494543453490.1025,463982020791.18,307194247489.0551,494581037.6061,36822899.0,202503
10000070,Pochven,30617016532251.83,537698743.6487,26211457172499.95,609331949.5826,1754220058.0,2102248019342.5,44947831908.8689,318147593025.51,175449327782.62436,32877532.2114,0.0,202503
10000001,Derelik,92031359043275.72,10068541367.7365,80414438730012.45,8399884629.3507,65769724602.0,527033712693.01,766568923078.7948,2033289841506.2493,886711761121.9548,1232498724.0653,54997248.0,202504
10000002,The Forge,451578115175808.25,36343634617.9903,489194191882744.8,46149502836.6791,472947250203.0,3293316005788.49,25501044604723.67,828074485503004.9,1046682725436.018,2127565041.8278,399129658.0,202504
10000003,Vale of the Silent,42739901885248.86,3382651868.7718005,46229721414522.89,2847626962.8471,5287753705734.0,2290535287009.25,22535096560853.88,11000006943135.79,3543154920634.891,5599211477.676,0.0,202504
10000005,Detorid,13014732361446.66,939691410.7352,13954659435459.484,1152113947.3912,389246344639.0,352542479903.41,1589575589292.308,475454695585.98,1091415943001.14,591380222.8899,0.0,202504
10000006,Wicked Creek,8179648471622.358,535195755.9189,8202385601756.864,546892583.2949001,248775612076.0,183110604721.98,47823243632.3096,1701296750.9,110307292056.03856,16228955.1123,0.0,202504
10000007,Cache,7276062444856.159,574117926.703,6408392778372.296,378594392.264,1237625156340.0,385056076326.04,1194163189866.629,288852625334.06,398248333549.16833,527555590.8712,0.0,202504
10000008,Scalding Pass,16263075878900.914,1958007162.3576,9608955932392.734,1099125811.7248,286003735910.0,555110696126.32,130771558164.0911,13841990844.01,166451414991.84445,46765047.2048,0.0,202504
10000009,Insmother,11331458659347.22,986524595.4991,17006824213148.557,2195125488.9051003,1986572617983.0,487464466277.54,477410553425.858,126932825804.21002,685366685217.464,1084843841.6204,0.0,202504
10000010,Tribute,28743266807793.77,2822341451.7014,30387003970877.285,2126986925.9622,2433475209794.0,707593697855.4,6979710996609.574,2526820381.0,724805659135.8171,1631887543.2327,0.0,202504
10000011,Great Wildlands,16079845453046.145,1640228534.8487,17450259711592.66,2042747765.7817,26130240896.0,297124390284.3,263132864836.0696,55235898007.460014,254514641571.8424,448739132.5058,1578839.0,202504
10000012,Curse,25904051032905.98,2151261927.7409,28485189696305.28,2756233357.0771003,103838379071.0,279093955985.24,318940245714.7393,195789729177.42,44801087817.45928,22214498.4348,364306020.0,202504
10000013,Malpais,25442833193102.266,1771043954.4375,27144194245571.555,1685492596.3985,1203028180366.0,255666126781.76,8151348924920.713,319494853781.02,1287844311353.871,992810199.6946,0.0,202504
10000014,Catch,99639128642194.95,7022596419.233,101685286987854.8,6647188248.486,2417716444502.0,1227632584889.45,10766666846420.248,86880664911.09998,696637784120.0148,790649007.6155,0.0,202504
10000015,Venal,23300313613520.297,1056138509.9469,18348068434500.93,1275189933.2279,398186518058.0,375538624365.94,252635074061.516,197256021082.89,183987519265.0604,191255873.4196,846908220.0,202504
10000016,Lonetrek,284481302995025.4,31471574890.7038,270154276800742.97,26133362790.1302,534142564569.0,2121888361465.52,17552728045129.389,18152489074458.49,842937157656.4435,1253606655.4835,3454000702.0,202504
10000018,The Spire,10971247787005.01,771883667.3924,10012389570850.674,770816370.2050999,566354933978.0,126052984384.91,269184529334.3312,11266530693.57,1010371863497.304,866334129.0698,0.0,202504
10000020,Tash-Murkon,51693198881761.24,7372353800.2552,48157125830883.45,5785622433.307,175479561550.0,194625402835.66,1495950210546.0044,2860644898884.3696,638547907611.6416,1026005972.349,130271060.0,202504
10000021,Outer Passage,5352524686098.858,429598957.17019993,7572115846354.178,519730294.4052,467048211134.0,155226511829.13,1569055446613.5178,1079209787.8,788695550386.1824,639953939.7003,0.0,202504
10000022,Stain,10208785525122.523,728960440.1719,8302110838861.652,718237146.2153001,243207947467.0,386320761331.0,1429331508333.7634,167874311192.19,285399448801.3033,665898957.2857,554631467.0,202504
10000023,Pure Blind,29500829384613.52,3923974721.938601,34152005093579.902,3941689255.4913,632684312012.0,2046539734732.13,2675598721630.566,1723346540128.4998,848506431293.6727,1056851024.7359,539903972.0,202504
10000025,Immensea,45131017537420.125,5202044418.9107,46452935742967.87,4486707478.3617,3395263169050.0,871182798367.31,20990037235230.152,15442790962.7,2985609757323.779,2810892820.2098,0.0,202504
10000027,Etherium Reach,40654908593372.93,4353358123.2397,49264964522638.98,4596045630.6186,1047311438360.0,810785331257.17,4299040545777.271,485425881409.3201,1423083025045.0322,1917805628.2798,0.0,202504
10000028,Molden Heath,25666593003874.523,2959031354.1504,23770353256248.93,2333408936.3984,103822522162.0,239593345712.09,1080202724180.6042,624939772271.2001,310986792711.6108,540777040.4125,299405469.0,202504
10000029,Geminate,101691153719315.2,5033548906.2079,99561093689622.36,5270670398.6082,1076757228968.0,1743492952221.3,1083152968235.8536,66869629097.21,303726517795.88586,511127340.6214,0.0,202504
10000030,Heimatar,119132955566982.95,13972653735.0276,120404719474036.52,15195521672.3424,214253644819.0,1251459648732.07,2032859360770.3909,10038712517785.111,577882003642.7124,642282486.161,221936965.0,202504
10000031,Impass,25453663676388.137,2093322303.0966,24961566079731.05,2991242581.1926,2282117267974.0,501992895607.83,2338912072366.118,362246869780.42993,3015231801966.245,2066507083.0788,0.0,202504
10000032,Sinq Laison,256454601016640.72,21327040038.4766,245889064577628.75,20538555746.7138,259958650786.0,1745137501552.68,9042381915339.48,19300142940256.82,837874438799.5779,1199653281.6236,139954458.0,202504
10000033,The Citadel,354297123920540.4,32998765686.5341,342702211842282.25,30469966475.444,308073577403.0,2175455068601.09,19601864664627.53,3991293834485.7695,575369711957.0063,1247408629.2113,189705956.0,202504
10000034,The Kalevala Expanse,107182398338606.4,6822107569.0836,103908640771776.31,6133365060.689099,2496189305527.0,1218828020374.3,4487851396924.489,12283063172.110004,1705910404242.5508,1406816312.1113,0.0,202504
10000035,Deklein,9192504200405.734,2342075293.1822,9463651288073.877,516314463.4202,1418899553575.0,459452332037.74,9717166559507.572,385107259654.2,661405333914.497,831014569.1234,0.0,202504
10000036,Devoid,70481529721258.81,8019961483.9473,72221681193975.16,7617608677.6815,51918679983.0,247683373497.38,308090894101.3143,668065843463.5199,460918000428.9295,1638714342.5769,38064033.0,202504
10000037,Everyshore,38929289454848.63,4973665821.1065,31624804067289.832,4442485638.5645,124102398207.0,237256932495.26,1521105938992.5835,1640007386726.35,522271796783.4088,1192700188.5441,89317837.0,202504
10000038,The Bleak Lands,29514601147188.8,3943326943.3083,27401257833048.33,3163563334.7063,27891526131.0,708679245914.98,5262092960220.694,236959541660.7,153486755848.34747,102195062.0645,271906952.0,202504
10000039,Esoteria,20320244740617.145,1748557682.2839,18504433106793.47,1454767556.3654,1900489813608.0,420612165218.58,1514674968886.6245,133345876965.53,814231411977.0355,608466025.8272,0.0,202504
10000040,Oasa,25683087578507.816,3338855285.4647,19188688992743.4,1866799398.2587,553825703607.0,215671445900.99,10867674441208.082,2843816375.0,1196734758451.8635,981551058.9123,0.0,202504
10000041,Syndicate,12747311135899.8,896319260.7564,10778846805263.074,804910495.8489,122208383718.0,308352327942.53,528199875237.8479,501837438622.54,289588880113.55554,525526169.3773,202561186.0,202504
10000042,Metropolis,180736774207196.8,17872583340.9946,162554652337497.75,18359923538.8662,1105588516718.0,1474472656809.96,3348011109764.125,12040468556679.8,834467750758.9626,934474606.002,1594273845.0,202504
10000043,Domain,197256858717228.25,17901505681.9081,207415785526653.2,21492414848.9652,259303513584.0,630636788422.83,3376274658859.473,62255939903068.05,1401671453650.4375,3429787599.2187,134073460.0,202504
10000044,Solitude,51582719736445.84,1756877185.8817,46470658926573.29,1839642575.5792,34886833893.0,143931792262.95,558509323702.2173,323534769207.23004,246713222583.18823,323724212.5901,8709664.0,202504
10000045,Tenal,5081676636103.379,161064297.3272,5128823741179.355,268782807.83820003,1699400700937.0,169328117154.3,1824229580719.5037,53595925918.83,447503346901.276,408696724.8979,0.0,202504
10000046,Fade,4181939831265.5854,138730989.1927,3177310098189.5254,594040173.4032,321316397384.0,111906606142.21,170670060186.1134,9380677583.23,120528775754.04204,207438090.0157,0.0,202504
10000047,Providence,14327606403547.885,1030561600.0195,15095079578198.836,1531332827.0295,535711400783.0,811063920824.84,1787902928416.4707,354037468757.84,558634911315.7273,621110335.4989,0.0,202504
10000048,Placid,83797116002572.95,4388599765.5401,74493156786027.45,5340264968.0911,90282761264.0,1122834476331.72,1199842226179.3018,1050218957115.92,359885507586.2203,664553365.7452,1473677461.0,202504
10000049,Khanid,70627377490621.33,4907272920.3302,65932967084615.41,4631594264.9647,46739547387.0,305235715255.96,421266606073.4795,1363432699957.9597,733079333204.2759,1826717032.0081,14862271.0,202504
10000050,Querious,49723843170919.92,4794940368.1927,43866188836275.49,2915901939.6137,2329896478632.0,861438045681.56,3901943111009.045,1259148234718.5598,648797557872.6543,936966231.6454,0.0,202504
10000051,Cloud Ring,11849331907568.02,659703280.0895001,14834665114304.76,1271030467.6542,248943257582.0,343222828331.1,635042386282.2203,102111387769.86,342447842842.6189,355388371.0983,0.0,202504
10000052,Kador,74160538959772.5,5420558895.7908,69198622426653.21,3686193162.3427,226641749518.0,218151801960.33,1069848115654.474,793787118191.56,723078100002.3807,2195695664.0656,186708978.0,202504
10000053,Cobalt Edge,3855918611994.2256,379732258.076,3551944705319.892,383524815.3055,369237763928.0,155434808038.11,899106802941.5237,2625433339.39,700347439095.4812,516131360.8274,0.0,202504
10000054,Aridia,10109007722689.03,818364619.8373001,8796566575941.0,974089837.1443,63690417605.0,300678876515.89,636165034112.1947,903738523231.27,1177343480566.3943,658734183.0431,208113827.0,202504
10000055,Branch,8805293772931.738,477640678.15340006,6499508242066.532,309530512.4369,2166612310927.0,356138531612.63,3368102361828.632,109476258599.74,598203718986.3317,521285623.3147,0.0,202504
10000056,Feythabolis,8574305307738.854,531079457.3865,8124780070498.981,611497245.008,1388435638427.0,258554804328.77,309789675945.1458,161471903325.53003,542890919246.1256,713357180.9738,0.0,202504
10000057,Outer Ring,8489469897481.609,289490192.2655,4311445213071.808,466915876.6945,53303010112.0,68606079391.72,396658980233.07,577440349660.11,91798088111.976,36547743.0262,12440353.0,202504
10000058,Fountain,21576080400488.914,1598400780.8759,42700594392753.41,1525168071.838,4044599186910.0,1386930575664.93,21547329496114.54,9729594459400.75,2866954317858.289,2534940052.3652,139733235.0,202504
10000059,Paragon Soul,10179672204652.287,770547445.5257,14719766521651.846,1273518760.5662,997098100164.0,237903468802.73,2321068319208.6445,623369397365.4099,168093133889.58072,341005068.3641,0.0,202504
10000060,Delve,29460089411139.887,1984373315.8496,36865499995533.7,4763152740.4971,2191376033542.0,1626083247160.62,5353874475288.608,4583842299805.93,682479324983.4379,907864740.849,852693875.0,202504
10000061,Tenerifis,93353470296421.8,10351145821.3173,114333552792246.88,8409164277.426,1180890550363.0,853816849370.49,12028441914743.477,31345057811014.59,1830119464796.8928,1516465988.273,0.0,202504
10000062,Omist,2306270407716.6143,140096676.06239998,4340081986872.348,375983393.3349,381304984451.0,309079956924.36,1504828527559.769,293565145355.38995,350095335454.5374,263842787.451,0.0,202504
10000063,Period Basis,9389947884890.82,610824080.1975,7524095314455.838,459632129.6045,821702843278.0,276874767470.7,1867352704028.0293,547265508535.6498,324948934639.4413,149382402.7333,0.0,202504
10000064,Essence,207187522553994.8,21932751900.7507,204701693435819.7,21730954884.8646,109649342300.0,830436999061.45,1971940729911.682,3962073902030.01,563185860323.0245,1293609071.7514,466571166.0,202504
10000065,Kor-Azor,80646259030523.23,8266681017.1623,77135741365111.48,7773824420.356799,144451382048.0,349763873493.36,797488071848.9332,1489756767867.1104,409523812670.18585,234531287.4407,27610088.0,202504
10000066,Perrigen Falls,73290222834930.17,7041017770.2722,91423506172649.52,8841775281.76,2999172654790.0,1260416644180.64,10389687663906.045,33104568721248.266,2779131666011.674,1653246371.9823,0.0,202504
10000067,Genesis,219315917532845.7,20905827275.0942,218214190533890.0,21342855551.5756,202211049357.0,1312455681630.29,1553140995466.9058,2598944902784.9097,511790685982.5353,779567042.378,151059744.0,202504
10000068,Verge Vendor,37611077427812.52,4418126891.543,37071175688655.37,4211392805.0135,73061695144.0,135807626117.0,702740412327.1335,1375634894557.11,350157028419.0488,498184800.052,48888581.0,202504
10000069,Black Rise,32284004301047.945,3349203879.1052,35228807233461.59,4347688130.1012,47559710165.0,963400728803.71,4952082317220.205,505823145136.0099,325736545717.0381,424390222.6131,36168999.0,202504
10000070,Pochven,21985508798215.81,462700508.9904,18437968550985.35,498814377.4079,7327524014.0,1875423777970.67,32131617797.021,232811813459.56003,138710472193.25525,31041436.7559,0.0,202504
10000001,Derelik,103218827754163.66,10903746560.5357,99147815967777.6,9533837148.4388,62411907681.0,327823247021.7,668239078498.9688,1854000208842.5896,1078649104214.3434,1749748309.4284,51135014.0,202505
10000002,The Forge,467394662200766.1,39498898085.0335,507568764030130.3,46252736850.932,525134922145.0,3247935901789.66,31674616809908.62,762229504515316.2,1215500003255.2695,2487495882.8294,465748050.0,202505
10000003,Vale of the Silent,46810608268526.6,3708435567.7304,53593403976113.984,3292145514.7541,5598955947927.0,2080164654091.49,31306666558967.957,13542565088951.889,3111170668930.58,5140161651.9898,0.0,202505
10000005,Detorid,16429377606822.637,957891809.7822,18208033647444.863,1457864932.4657,482683657659.0,367441801594.15,1702427884701.7566,546830697543.06006,1171806379892.289,657859481.6324,0.0,202505
10000006,Wicked Creek,10873458633273.309,983328149.7058,7916612070360.941,661575680.9635,284830915954.0,235647814660.72,112048047187.3846,20180966963.13,156929352245.35345,96233785.3788,0.0,202505
10000007,Cache,8832968055110.535,752470902.8456,11118483904538.322,692673820.7148,1290915045459.0,431077675625.91,1086554258446.3452,265266869557.43,299481001148.1356,279887631.0261,0.0,202505
10000008,Scalding Pass,12389114863822.422,1644917035.5639,37062486767594.32,8288109376.1024,260239813216.0,681677893847.69,136996783586.2301,285603341335.41003,175131800865.39304,36104879.6679,0.0,202505
10000009,Insmother,29221705713255.816,3828009924.0753,7934323648133.857,952852384.4319,1842387576733.0,667680042834.23,511333716833.1494,98476503321.13,657929656272.6749,907577501.2786,0.0,202505
10000010,Tribute,34697147624120.48,3338474989.3848,31678357774940.164,2456403965.2678,2269218346554.0,800413270108.71,7662493278322.019,1434059988.05,547962306074.2626,1504063422.4653,0.0,202505
10000011,Great Wildlands,28384677832772.61,4012195252.106701,27143127080933.34,3854792906.8172,31648077466.0,671491737935.61,315867649959.6287,85584422784.17,207062908169.9257,219723241.7013,5902230.0,202505
10000012,Curse,57353099473463.04,9188305934.2253,51725786090538.98,9167974839.0344,122284798073.0,539607886597.66,304844329531.6919,252117112322.1,62299130307.00818,30012893.4931,566596549.0,202505
10000013,Malpais,30475277800738.688,2567288411.457,29580405187550.312,1840101504.141,1217057082425.0,477948269448.94,7724664101114.399,345321434686.50995,1248301336503.6672,959155513.636,0.0,202505
10000014,Catch,119409959756882.84,9010099093.1113,127385248766629.88,8357379585.6553,2439217988788.0,1114014037309.54,11783940407546.72,93861138218.38,1293109182999.2222,2275632628.6963,0.0,202505
10000015,Venal,21717503252869.453,1101277894.0409,18124523886491.19,1516216440.6856,492087982394.0,354360212410.86,390529293160.4585,149804390507.53995,182186098819.23087,201269750.0191,987434599.0,202505
10000016,Lonetrek,302927676697485.6,32010181269.775894,282835555617813.1,26866912786.4618,563818076282.0,2066099465768.59,18468513128247.816,19771913288213.73,922571883658.7043,1289749307.5789,3429896158.0,202505
10000018,The Spire,19099484891456.83,1186035417.1423,12248152785342.607,1215206689.3898,569570087931.0,142746606696.39,521973648692.6007,20151725782.5,1017621737782.7152,640036322.6972,0.0,202505
10000020,Tash-Murkon,50730204700094.88,8088645028.6025,46225171022900.07,5175972752.362,165751273309.0,394352371593.96,1539288551510.3467,2842084576947.0903,606479814461.1427,801518592.8975,115517634.0,202505
10000021,Outer Passage,7260392219687.059,408599815.3951,9152422305601.893,528319949.3899,445596724461.0,164585151681.32,1567647446098.9531,3328291535.01,761517697076.3114,668050531.0008,0.0,202505
10000022,Stain,10114502262897.389,690679775.7314,8154239004097.603,676159138.9978,248728002500.0,384034780363.83,1548226016897.2383,264939739378.62,264237611479.2837,570186413.0612,525666211.0,202505
10000023,Pure Blind,32306446690280.44,3863740561.6301,43786606100451.98,6395191185.5089,648189505162.0,1149085340590.61,2835642963034.764,1622938252386.6104,746431728327.1653,885532915.6887,486312512.0,202505
10000025,Immensea,72406336895488.89,11661861462.3028,69158442174099.82,10647144438.154,3431759974919.0,880622527442.84,26803467571989.92,19899363862.160004,2954798507889.01,2421495157.4099,0.0,202505
10000027,Etherium Reach,31515739025539.14,2634322613.7328,77051572415732.83,12724988898.7627,1065383424679.0,588467649685.94,3930707711188.3247,1131163567942.04,1675925006195.8374,1537368353.6397,0.0,202505
10000028,Molden Heath,31326988066033.715,3440314909.1894,28471086543081.54,2868691127.9030995,122668989504.0,465447121032.27,715278618998.4365,523018120134.32,399130655774.3276,540468341.8971,329212203.0,202505
10000029,Geminate,90810962691045.8,4456074829.45,88774823055130.83,4353598941.3105,1252957689821.0,952097796579.64,925072600113.6484,40402892722.97,386750210266.9658,321622640.997,0.0,202505
10000030,Heimatar,129588454390653.44,13937691300.3316,135687594072801.12,17192480851.1498,232744921101.0,1788333450961.17,2446648027857.3267,9870349005049.96,717557204648.447,765376688.3507,267660811.0,202505
10000031,Impass,23971233583712.96,2233237485.7285,21461793624165.81,2163434321.81,1872695353105.0,346542741955.79,2615036562684.2017,253822986680.58,2250259636841.771,1557506465.3376,0.0,202505
10000032,Sinq Laison,242099643726997.38,19720164355.5829,233534050611229.3,20188446337.2929,271057644193.0,1679965429757.94,9361438049427.734,22105280052430.27,956344163684.594,1611306459.8792,141765604.0,202505
10000033,The Citadel,365222901055632.4,34395606908.6858,351259921054283.3,32777081810.953697,359124178627.0,2108930939410.23,20787232503473.76,3906812986054.9697,658894811591.4296,1438089729.9711,255188390.0,202505
10000034,The Kalevala Expanse,91734497978394.23,6209431515.7593,101678439856282.72,5618433001.7993,2407119247464.0,1210118487611.9,4393170950003.82,14104788660.500002,1420467071344.7812,834907798.5646,0.0,202505
10000035,Deklein,10382864309217.225,2107344472.2809,10815612948816.7,571976450.4456999,1414996833415.0,487557325440.47,11996238387367.006,577288954404.87,523400457393.8877,795737933.9969,0.0,202505
10000036,Devoid,92901774811809.9,8855280273.819399,88391229144475.89,9158540207.0119,50638069957.0,222300457857.81,262793622342.275,708777970922.44,444426535900.0222,1614546285.2372,42868747.0,202505
10000037,Everyshore,40508042043414.91,5344514026.2928,34533402058145.152,4447353574.941999,134905942310.0,179040429396.54,1532945035489.096,1609758293198.3396,560043968925.8043,1298971076.0542,111935169.0,202505
10000038,The Bleak Lands,30566155556653.9,4602676528.1241,27608985908215.24,2348878197.2446,39602799070.0,665628154474.08,6160306259266.908,184115666069.41003,130270706100.85992,101570354.7777,482691813.0,202505
10000039,Esoteria,19363172043539.24,1237188436.9383,17478906266244.342,1423975511.2396,2184956731734.0,518482207443.5,1403175834458.5012,127193594145.72002,636952376820.6901,630219133.6658,0.0,202505
10000040,Oasa,31806700450007.84,3309507624.4848003,27025480720129.57,2210489610.0608,679565688492.0,220159647595.77,10661688215283.666,3702120705.07,1067986475213.3127,1042879151.1172,0.0,202505
10000041,Syndicate,12742276043218.424,991367679.4982,10844934403281.98,962422033.3267,128284815136.0,289488859744.27,364901693507.5818,540132820865.3098,399857940926.02905,713102876.7908,222370875.0,202505
10000042,Metropolis,186004606192899.5,17895766734.4455,178339951463606.9,18951215354.923702,1216637020278.0,2029142060983.39,3662762960615.231,13643540141734.982,971882263067.1514,946042803.8577,1778263394.0,202505
10000043,Domain,193882629462648.38,17434156332.1699,197158273278260.8,20545910953.9817,273852918893.0,732868953161.7,3751523735133.455,63880883337947.69,1571437525213.786,4104877508.5523,144828300.0,202505
10000044,Solitude,44615671236555.15,1914852709.285,41077446307341.47,2071296608.142,32966912703.0,144661004977.13,479368335370.4188,436518111938.45,333026427735.3049,484036466.0829,10139187.0,202505
10000045,Tenal,4488328158905.604,108182162.5554,4103564699923.148,224331316.7446,2028079079765.0,300596591650.54,1284982197114.085,57618239662.12,339196394356.3139,408495272.2272,0.0,202505
10000046,Fade,5533021593286.893,209503259.4887,3739854607517.96,418274989.7037,382195825589.0,193236547945.59,280935387160.9355,14505527236.99,187938744154.4312,202912338.0814,0.0,202505
10000047,Providence,12434777278008.729,1158731534.503,13138817390638.604,1121475935.515,530519643775.0,814154568604.81,1899726585543.644,328290836977.92,510808314114.27234,610380450.867,0.0,202505
10000048,Placid,70035268672520.15,4759504859.3883,66584886280971.27,5199907541.6854,115954246463.0,1143268417478.57,1045105927151.6876,938413342857.02,509824899142.7207,850708370.6358,2378990123.0,202505
10000049,Khanid,61160849302840.086,4665313918.7039,56052493007468.54,4807607688.95,42306824418.0,387254922214.54,346240989827.2422,1890296493572.53,885469091080.7416,2173954396.1425,16516389.0,202505
10000050,Querious,45075942076494.53,3156122652.4105,41375351489820.91,2741652190.1929,2109433762099.0,942871818434.2,3220247872794.086,1058951457329.8,629665976362.8253,818827479.0008,0.0,202505
10000051,Cloud Ring,18308869189225.25,2604855630.0657,18744340259954.64,3128292571.3252,405927886139.0,486075643883.1,971892925060.5414,299812305893.64,350190472377.0308,437119620.5392,0.0,202505
10000052,Kador,59125687988111.81,3726852786.6371,56589519594320.84,3545844391.3050995,263830934361.0,182486855683.71,837817004610.0247,806137669190.8701,854635742031.6172,2677399025.8997,201334576.0,202505
10000053,Cobalt Edge,5599879254958.17,452790863.3079,3921296237649.962,290715294.9596,501767790093.0,178674625400.24,962282748997.506,10511133649.17,667613913116.2551,787710907.5733,0.0,202505
10000054,Aridia,12204411216027.3,758276676.875,11185376377186.906,825250130.5469999,58943707201.0,237209517272.11,607806497142.9933,744861130832.9602,1154092738759.2656,528788133.9258,184769009.0,202505
10000055,Branch,6751124499393.977,491781049.189,6074598977959.068,328461984.3222,1973907248442.0,360595914433.77,2543608230711.5483,100147502499.67,670744459364.9146,584375896.2964,0.0,202505
10000056,Feythabolis,8480400641514.154,526711453.182,8152591886966.405,600778174.8795,1319090913724.0,269627844496.92,988713568320.386,167878120553.88,620788237573.9705,749983044.5392,0.0,202505
10000057,Outer Ring,10713412338975.746,509136458.547,4752785745927.581,414786358.068,56408790185.0,66344562867.02,523026857052.2381,551079148281.3899,83064611527.77057,79094860.1864,9217628.0,202505
10000058,Fountain,27246375051141.863,3456071836.4502,38286090149191.88,1627070610.4817,4026568147403.0,1429011756478.8,21393805705424.312,12090240478029.385,2725475920210.19,2275378455.1803,179608618.0,202505
10000059,Paragon Soul,10792638049861.203,845562178.2071,10960273150494.008,780177979.0381,1025325970489.0,235650254353.33,2365512374558.811,539347327178.68994,123126550648.7704,210320524.5623,0.0,202505
10000060,Delve,32363304779825.387,1942623289.9837,29221870249751.395,3556178088.7208004,2267520461608.0,2324848088068.81,6671077888761.759,4935636984286.97,498302192896.3288,448247465.4865,1110412850.0,202505
10000061,Tenerifis,128209806898713.98,16699270988.5465,137147816459219.88,10765696220.4369,1351763631149.0,827684331354.65,12970462855411.484,35502483575326.74,1587686594951.16,1659158797.2442,0.0,202505
10000062,Omist,2730523103103.052,129166655.557,4974204299680.577,333547365.5685,400620291573.0,290052558867.57,1652397505535.8557,347734072442.27,496136988118.2574,251829582.879,0.0,202505
10000063,Period Basis,8036127469323.379,1042013176.7171,7457717167461.762,382857978.8646,338145749632.0,196331760366.14,2777514055565.677,545260424736.17,115326503911.82364,82201635.9123,0.0,202505
10000064,Essence,218171960146723.7,22670378909.5733,216092347091631.12,22221089392.080498,141140394376.0,884206948283.42,1799921335711.7388,3305287410030.7104,664397135062.4061,1499104697.3769,630449588.0,202505
10000065,Kor-Azor,66292309635270.41,6803816442.3845,63757077961523.945,6303048364.0792,139260074678.0,301734602532.75,989017144457.5328,1902145885600.3003,408799822056.3624,410685771.5999,35012865.0,202505
10000066,Perrigen Falls,100902811756158.1,12057095472.0139,95727993548515.1,8796617029.7167,3131736007707.0,1359696120797.25,13524072139218.969,34821922601013.4,2209120413326.65,1111225765.5874,0.0,202505
10000067,Genesis,241766939723941.7,23991278824.3074,244712707162042.1,23885287255.4234,225282031339.0,1168761297529.21,3609414156511.531,2444830418831.59,662655011352.8356,1008502167.9285,191163030.0,202505
10000068,Verge Vendor,42253480096960.91,5608304578.6735,40618954892247.5,5016064925.3141,69995959973.0,297063388710.12,719992446861.432,1538681956623.66,363169878921.7697,654501101.8562,92220127.0,202505
10000069,Black Rise,38382407021914.15,5222257045.9901,40553496895072.11,5946628568.9156,81372801399.0,781824796094.73,4105005532645.908,466939196397.07,327558075120.8816,528447079.0205,36724501.0,202505
10000070,Pochven,26742411563280.08,508195535.4696,22813459912178.83,496636720.5004,14456041658.0,2951478235590.55,32905160566.5911,292568458922.43,192610281713.5538,23911331.1924,0.0,202505
10000001,Derelik,126783524438034.36,12784328027.588,122212855167322.38,11466930735.1547,65862022898.0,453125332936.26,714093551351.4088,1725160911209.5603,1165532350599.1133,1883040422.023,27849229.0,202506
10000002,The Forge,486206674657002.06,39325595513.4367,557494813263088.25,51388944821.4487,499053685376.0,2752797327754.84,29776719895074.56,690900510992062.0,1212563666671.1353,2499215319.3003,168818016.0,202506
10000003,Vale of the Silent,65310498545578.414,6008319739.9591,71917882986097.64,6386055356.0791,6382106630380.0,1835425256800.47,26317714674503.96,12498433081030.137,2954632291867.8066,5097332351.1122,0.0,202506
10000005,Detorid,56642110758369.51,5721902668.331401,29063423897439.586,1608938994.0269,534196215080.0,273979193754.82,1386468695685.7915,416615170393.6902,642461262673.0695,356819603.4579,0.0,202506
10000006,Wicked Creek,128648788203446.66,16004713540.2494,142016007279678.1,17547956758.7754,84987405106.0,116935042360.66,79647396337.2518,10711767274.4,111603362829.16296,11667581.2888,0.0,202506
10000007,Cache,43641987814003.52,5452426031.226399,10086507959599.24,1192203549.7632,682099023455.0,446294495842.94,534870456654.3241,171195383690.90997,172584689875.33206,230742843.9784,0.0,202506
10000008,Scalding Pass,292682478085385.75,40392457992.5174,270509817066551.2,36184418880.6267,197052155437.0,512932547257.16,225448404287.5343,884053984036.39,98361926079.92535,27183233.7123,0.0,202506
10000009,Insmother,37846795262312.67,3636756985.0079,390141423613540.4,53997645123.4126,231878910258.0,1770155745983.15,75319858907.5803,3069195735382.76,164740453048.41925,291965967.774,0.0,202506
10000010,Tribute,52657970029847.39,6143249134.7254,52715688396198.16,4343660332.3456,2351915981596.0,618296212574.71,9315890038094.96,1538001880.0,559596520890.7509,1361948137.5006,0.0,202506
10000011,Great Wildlands,36384209656547.09,3461450973.0584,33037783095280.133,2963164363.8019,25237371205.0,734411704884.92,305525727362.9553,66186276521.33,173444900573.15564,312144378.39,1020826.0,202506
10000012,Curse,172129454498489.7,22930016734.4883,179672057708244.47,24324859529.7978,112911245734.0,363899247306.4,349956487637.7875,222184151316.24,45329600710.24602,14377409.3036,174262841.0,202506
10000013,Malpais,99558914766906.28,15260161495.935598,83932030963020.25,14488831608.0116,1168479017964.0,293475684967.71,8131647990658.936,299729957661.12,1330144761781.0054,748925130.6514,0.0,202506
10000014,Catch,261791791016652.84,24430603564.6444,289391675853888.7,29854809365.7119,2139617166180.0,1129234953205.73,9792319024591.81,247631477246.5,557348325775.9465,740708057.7475,0.0,202506
10000015,Venal,35298738757155.05,2643847102.2809,34548533972917.023,3939435901.1226,486153517420.0,370446554980.6,387263763701.6666,186508084226.65,150308820293.76266,128103677.7939,352768029.0,202506
10000016,Lonetrek,309002404869281.6,33565326712.650604,306522745015497.6,29969303557.6781,575273856148.0,1657665098440.14,15781486526000.652,18132687618200.28,939908885305.7412,1605926921.7832,1522682275.0,202506
10000018,The Spire,40068511965343.38,6127883708.0297,52859089021316.74,7089961293.3812,494306273047.0,164963091937.13,211498678662.9633,11464566100.07,964204655401.4276,495156299.8897,0.0,202506
10000020,Tash-Murkon,53920298721945.71,6685795251.909201,47943291865410.21,5828826482.9794,143599714320.0,262777666265.39,1418049506384.494,2631928479645.88,596287232001.3279,681772348.5881,37855533.0,202506
10000021,Outer Passage,16142963790084.729,1464587264.8284,20759837799258.977,3270909653.4059,594153131144.0,182747640142.84,1090429085235.1592,8476664268.81,774379177171.0765,553977580.7783,0.0,202506
10000022,Stain,83953884143196.3,9722334598.1711,84008319822845.61,9704305758.0446,247923393101.0,402887281191.8,1222777810792.6533,191309540702.33005,249122061436.6347,560799300.0562,154976177.0,202506
10000023,Pure Blind,37035586076728.19,6602559179.896,30574504200048.82,4173681890.449,692033758480.0,738053655120.55,2557582162126.632,1274514902852.3,738801944371.623,1024251568.441,204061947.0,202506
10000025,Immensea,396648918454091.2,53443193556.7249,369251378515690.2,45932215261.641205,3594329007183.0,741584282396.34,27373523792910.777,24176938334.42,1614022734503.5127,972054168.124,0.0,202506
10000027,Etherium Reach,78820982724981.02,6495143232.2262,189391671682686.25,43148899880.8136,1254070196146.0,1005137474685.54,4241856541702.975,6956182048141.271,2269529370167.3027,1806441620.342,0.0,202506
10000028,Molden Heath,35781106502837.68,3836130061.0767,33043845816717.637,3657119392.3839,108501226303.0,256818275567.28,708936636846.7191,477932158226.9801,371854123734.5264,585781462.6821,105914090.0,202506
10000029,Geminate,105563038090951.0,5888602990.0825,99055384852031.0,5920591179.4795,1425912011386.0,716818898716.56,761387446459.248,44018453235.66999,360726376289.4567,555828579.8464,0.0,202506
10000030,Heimatar,132867581521219.48,15610782045.711,139214121711367.92,17145765178.3247,193400493023.0,4261714342320.91,3725585448259.516,8694372402724.3,641624000923.0928,725940110.3024,89774694.0,202506
10000031,Impass,178844221450593.38,27189451882.2462,140092215515417.88,22155802728.4882,696335134565.0,270290199791.75,2062315215653.7388,42239571351.9,1334971945164.956,1085127337.9383,0.0,202506
10000032,Sinq Laison,270870408567324.84,23158108902.0551,256899248016604.7,23103718429.7567,286150593920.0,1606708370079.89,12253759047544.412,19017621529684.14,873872904571.0392,1234323855.8976,56981864.0,202506
10000033,The Citadel,370061055629893.4,34370043271.2674,354349793359504.0,33071768323.045902,328348328823.0,1550515242107.8,20482481311061.57,4354992527614.22,666878827774.1602,1507584036.5484,97853912.0,202506
10000034,The Kalevala Expanse,113527125165067.0,7966357703.305301,117293377147763.23,7147353523.348,1909833820359.0,932087676762.53,5189947679157.35,26381872869.970005,660672584629.9559,589135283.5806,0.0,202506
10000035,Deklein,8997220309222.826,1853303641.9869,9772939007752.578,532684835.4344,1644785909988.0,563287253667.09,10237886925162.998,600409019011.2599,544877618973.4047,452546838.3368,0.0,202506
10000036,Devoid,105293622650155.84,9452962534.8858,102839542045530.58,9738738249.0152,40070367201.0,498179968748.66,224320694235.2871,599888643049.5299,508743993638.9612,1634806802.3608,16490753.0,202506
10000037,Everyshore,39479412402610.73,6113952575.6306,35202657143113.63,4981027594.9711,116466441599.0,241901449823.76,1607346723453.0725,1784144475451.9502,522919431436.2415,1024966821.1797,30747809.0,202506
10000038,The Bleak Lands,31475773247974.57,2404963405.0384,28795697829268.93,2179364291.5529,33470531255.0,504947052183.63,3620257629996.8784,151872413233.53998,169335717797.24594,85085386.502,141440376.0,202506
10000039,Esoteria,151123352476406.3,24504476116.276897,161784878736462.5,26864223884.555897,2183468119155.0,427305210147.91,1613411855986.4067,282145254380.96,369120648955.2938,433167697.0018,0.0,202506
10000040,Oasa,32918566765312.555,3971899091.2384,35208609996608.63,3354641359.7804,809714563133.0,213176861762.43,12448949934686.906,8776075580.0,850296154433.8253,1040904880.352,0.0,202506
10000041,Syndicate,12660368698574.535,960553783.7372,11727052823896.203,1104041484.0467,116483114185.0,399204833078.03,416943787848.8159,601031708973.41,327108741557.5714,707882712.3286,60628144.0,202506
10000042,Metropolis,191748357379486.53,20068452007.265503,182735594832456.88,20626442096.8111,1025751549731.0,1585864700581.04,4043111208217.3184,11613655192515.184,1050301792669.7628,1014596920.2062,601155506.0,202506
10000043,Domain,187237884723934.53,18742829321.2219,194789338815966.4,19585992643.8314,242674849810.0,872637884652.35,4059583523092.307,57500865009961.75,1627630833126.8472,4145194529.6874,54956389.0,202506
10000044,Solitude,42589342948133.984,1805751238.6827,43748064462055.17,2028360278.2732,40867619664.0,130890232104.2,726452328602.3704,535903825296.80994,377106893699.4031,548313618.6704,6557043.0,202506
10000045,Tenal,6370140515255.89,349526442.5207,4105867905583.3774,295387226.2612,2175345014867.0,264333620881.43,1039316530105.0802,28921990261.4,221412919771.4273,278915660.0264,0.0,202506
10000046,Fade,4333520581414.441,206704666.9835,2368278764910.553,296000573.0855,398555257848.0,143590715468.34,490041125192.245,7336876646.65,146736529623.586,182118953.662,0.0,202506
10000047,Providence,15164499005478.652,1119519115.7065,15945851387060.188,1277142318.2745,551882622251.0,757938438953.77,2382260584584.595,344428321930.89,461813722349.4998,778333496.7875,0.0,202506
10000048,Placid,74716106987769.42,5566105409.5935,71079729238399.08,5799846570.2802,91897379544.0,1146791961664.18,1059175495894.033,765298457039.2003,592286590881.094,823169375.4829,731640472.0,202506
10000049,Khanid,89740352354865.73,8683467662.2288,89660640687538.27,9767537227.858,46444614804.0,518133981367.7,413601210314.1677,1045040076164.71,909320117566.2632,2292967253.4809,8308952.0,202506
10000050,Querious,214673207592297.97,25979221027.5867,141098287392255.97,14204363252.271,940968648186.0,958205823947.03,2183127939413.9368,699527057065.5299,307543408934.6066,798311367.1675,0.0,202506
10000051,Cloud Ring,21855212806537.508,3418998500.4295,20713619468814.73,2632120678.545,313977955863.0,469713282887.68,710960218222.7917,77419382262.87999,307530387915.92096,359172809.7743,0.0,202506
10000052,Kador,60736158784876.055,4735338188.503,55910859969895.87,4518436631.3603,273199034609.0,181438297036.05,1068174225358.7924,829296275971.84,1013996917575.8672,3212940538.6662,75472679.0,202506
10000053,Cobalt Edge,7552657960687.869,750932562.0229,7126119105462.314,771587271.5299,522539120237.0,185899082086.41,1169624749678.4856,10836947238.14,448529868201.8981,447599350.4023,0.0,202506
10000054,Aridia,14826782775340.36,1021563122.6471,14688531670535.523,1291537977.1456,51549103425.0,243925811608.4,1061379538002.7535,799198374038.6401,1109323863532.5022,594525620.2001,30489430.0,202506
10000055,Branch,22511631210891.06,2860910800.4277,8515952469079.233,588434779.8655,2289658881172.0,382769829178.63,3266034062858.14,260701650475.02,639901799368.7169,385155918.3997,0.0,202506
10000056,Feythabolis,12207472377819.951,1182818045.5636,13946334908125.238,1284002985.8251,1384609262415.0,306768489231.26,1251725806847.211,205134066263.68,674442861548.1039,739565083.8621,0.0,202506
10000057,Outer Ring,7906752489628.931,446160182.34120005,5935625470567.45,496115633.0427,45555005757.0,80099226406.47,592159999636.9827,588480482939.5,182769919706.57697,338429416.8257,4494781.0,202506
10000058,Fountain,26783571618652.195,1882927579.2514,46469173708501.53,3557247207.5471,4161036238830.0,1251136375636.74,21890288869097.96,11739654633502.248,2949553804014.5425,2771981742.5568,63770556.0,202506
10000059,Paragon Soul,154846862090280.66,26213481078.0412,176262900375695.88,30883046285.8363,909319814158.0,214327455126.55,2536991687713.14,852577366925.7501,111892333443.26654,244380680.0915,0.0,202506
10000060,Delve,250890733016218.1,33315347760.3773,112468304109828.14,15704334290.5516,1254206111415.0,2583485850470.99,5389262630650.896,4265496667262.559,182909122527.54163,53986386.9628,423206235.0,202506
10000061,Tenerifis,481330646142593.4,57377448666.1427,382696239363858.5,42510608529.424,930191758002.0,824172294739.46,12468411713062.62,28839190845397.5,522289092865.3973,651647391.2666,0.0,202506
10000062,Omist,2481497269655.372,96887630.782,4238636975149.8384,331108499.69399995,472596095981.0,266112234949.58,1908394332574.6133,317926630091.83,508660161936.3579,265603862.8674,0.0,202506
10000063,Period Basis,165010597619647.0,29029115174.3769,154742946174342.34,23367414307.3889,265056773357.0,269070184529.49,2317367286790.6,456760949824.4301,80707093633.81139,139697090.1582,0.0,202506
10000064,Essence,209491365243538.7,22237561745.182,206690272410510.53,23260747933.3766,130933038583.0,446590503691.91,1911521074489.2969,3318143457521.9,716886260550.2117,1680679328.8106,301367581.0,202506
10000065,Kor-Azor,81715842520640.03,9369040392.5946,83924352416382.14,9504113083.0726,163476406498.0,325035262047.19,838979140936.1012,1742842554833.65,441632625149.2381,470390851.4561,11901652.0,202506
10000066,Perrigen Falls,210216428311281.2,44365281731.7926,132592126386008.23,12121304731.6477,2578026765969.0,1535215943135.16,12849828351957.424,21359903212063.95,1149405183635.2756,775004799.9818,0.0,202506
10000067,Genesis,233994438030560.97,25030835792.4284,232988395856896.9,24933239075.878,217135871045.0,1056604481830.13,2740721397664.8257,2320983180997.92,645285538736.5139,1098100357.8763,65236132.0,202506
10000068,Verge Vendor,34372360874897.637,5554993074.5168,35757749044464.586,5107198275.6211,71777103219.0,152767073477.77,860246070494.0454,1502254241007.13,350887110234.92285,573568558.4841,34937962.0,202506
10000069,Black Rise,43519706165549.69,5646550948.892099,41455359263810.75,5943483753.0407,36946320036.0,1643372210101.39,4817483579467.677,497818883913.26,291439059921.24817,477857932.926,8164062.0,202506
10000070,Pochven,24823225877109.363,440474505.0077,20289011297140.73,544128934.2398,10942081748.0,2979732162407.91,46380141280.5003,244177356382.15,261553805445.46735,18965798.2513,0.0,202506
10000001,Derelik,64353675288720.33,7233068715.887401,60010919686580.97,6356427517.5219,52515640475.0,513435164086.09,853817159166.897,2456033549716.01,1016104493632.4406,1980357964.0229,63473519.0,202508
10000002,The Forge,317601806166430.2,28903905607.1936,365973036513122.06,38143682797.8003,463046629557.0,2447986803804.58,23778538152610.68,574510220590753.8,1346980316747.309,2867287688.7016,607382155.0,202508
10000003,Vale of the Silent,29180950839261.246,3095814313.8249,54102601390588.94,4772777840.3072,5943510768529.0,1642942561878.33,22925931677477.047,11911716879114.26,2972445498698.5986,6399002731.0589,0.0,202508
10000005,Detorid,15267176576612.53,1303408393.6047,16795097128052.928,2777634129.7097,2097293486396.0,396522453114.33,747473704424.6418,4983205773.74,129018832069.46106,60488513.612,0.0,202508
10000006,Wicked Creek,72981618310100.44,8327511152.580999,96994669420469.88,11477078612.0745,1553782039551.0,539750822910.72,5319944314671.447,248913284356.27,2493002502042.5747,818122971.2429,0.0,202508
10000007,Cache,6366945354196.44,582445980.2612001,10205373203391.994,1237464629.2369,336133847304.0,304795951367.53,2271620449524.7026,2465337467.1,256487316410.94662,0.0,0.0,202508
10000008,Scalding Pass,54888342653567.71,3317020568.2555,60374922207382.74,4379934375.4507,1459806192018.0,506368686845.44,1843209563488.093,8953667769.67,461079566292.1329,257385398.174,0.0,202508
10000009,Insmother,69248725988921.48,9234797751.7466,105146105608471.77,9953957050.1767,3797026153102.0,1570423293121.8,18148773410925.53,34482450001211.016,3721697055781.9214,1126521974.0773,0.0,202508
10000010,Tribute,23858851467537.984,2567497735.2045,21926865456538.453,1964754757.9236,2583696644515.0,765801688949.25,6888840562634.709,4722172270.0,479021339952.6107,1390701487.9489,0.0,202508
10000011,Great Wildlands,34727646331999.938,1624157660.5137,34064580275031.85,1548858444.9192,27444159213.0,204519243765.91,148197736845.9999,110507957593.59,159329507685.40005,396366570.7851,1165423.0,202508
10000012,Curse,20187396204893.24,1207725499.533,18661631787984.945,1016261383.9765,101288253470.0,274350079858.17,320001754543.4643,369176979568.27,52820017517.94605,44531456.7598,340466032.0,202508
10000013,Malpais,47936470136219.48,5111564183.0777,40336105226017.6,5415629109.0301,1530073204403.0,450960648482.31,3073041224059.521,669861631288.94,1408747720553.3489,854205512.6622,0.0,202508
10000014,Catch,48584938400858.34,3857085369.6289,49511294291820.266,3415500113.0249,1494340729511.0,825548727222.26,5639550369746.291,1321371011800.0898,786714480249.2513,1706683669.8101,0.0,202508
10000015,Venal,13285209694747.98,785849894.1534,10375140281517.896,1085285132.9289,513795815398.0,400746158194.4,399918666782.9715,160668481080.54,195279765151.71237,288848659.2011,793787963.0,202508
10000016,Lonetrek,183513098016045.72,22326832850.3169,176217823930013.44,17907998543.3163,509062032594.0,1043649574552.85,13917368334110.852,17577092897729.049,1055273639666.2168,1610294894.5128,3187792994.0,202508
10000018,The Spire,10606187035560.854,583041002.831,9660431623265.584,528763209.184,359214307055.0,225259480057.37,162106072830.4602,96285788006.45,814433289890.0636,593077443.5426,0.0,202508
10000020,Tash-Murkon,32710330980131.73,4115519507.7588,33476799292829.004,3791258823.4749,147750081615.0,224258851194.38,1111911425825.911,3219896675432.0005,648720390928.4232,914269837.7792,120579781.0,202508
10000021,Outer Passage,4695148356252.341,256991359.139,8820689073453.04,478218653.0045,923308814670.0,713626043680.97,2172333601506.5232,804719867085.7498,923494964798.4552,613516036.3036,0.0,202508
10000022,Stain,6590688077780.593,251735087.838,3951603784170.825,323158504.0735,272247704399.0,268308176329.57,1957634862999.9624,265313055568.79,328692915122.0415,1066984741.592,564942356.0,202508
10000023,Pure Blind,20956877526069.348,2538017173.8009,15152679138593.768,2014679740.8454,519769065313.0,283304371342.27,1375714955711.8677,582778006124.42,552971686358.8345,954967908.4789,394992115.0,202508
10000025,Immensea,68717873191602.29,7333397567.8575,51701348959681.45,6105304480.305,1292432935034.0,244771399180.85,6021781283753.742,162354439135.59998,212932325082.88324,243916341.0606,0.0,202508
10000027,Etherium Reach,93938798053117.8,11682152717.721,66760013878534.66,7841466182.8112,703433662231.0,1702445425031.65,3308375929212.7803,21447244916419.383,1807958487402.9424,1341350942.5806,0.0,202508
10000028,Molden Heath,22347022961690.09,1684281202.5977,21893330542820.37,1386990639.94,95800889918.0,137993471802.07,522132900220.6977,2405624920701.62,441251688339.2109,620467953.6266,221285286.0,202508
10000029,Geminate,73264742500643.67,5729365124.9625,72740614170025.03,5861602926.179,1476449794991.0,513826680255.52,401579430916.5172,147553222483.49,266874487605.80945,773181500.3613,0.0,202508
10000030,Heimatar,84276049282932.7,9094192514.6778,81193742252958.31,9996091205.9666,186359704196.0,1453079640353.26,2466109011390.5405,8409814599739.649,661725854278.849,919501507.9418,279205941.0,202508
10000031,Impass,20389101402469.984,1438230076.684,16484046118626.578,1078369065.0575,439691414464.0,71567797976.48,504126404490.9971,1877952595.0,126655320525.91795,361698617.8608,0.0,202508
10000032,Sinq Laison,145125140255276.6,13283850097.0779,135717335204246.22,13269369005.3434,276925045142.0,1686490247970.8,9877757699088.49,18909979738900.32,927502780518.1075,1342357646.9155,290422296.0,202508
10000033,The Citadel,240296462672831.84,24488468875.2334,235784179770116.38,22863448126.8429,283946897950.0,1479265548208.45,19234394869436.64,4479495615064.37,629434547893.6033,1352120469.8735,254648563.0,202508
10000034,The Kalevala Expanse,54431644341133.12,3549352140.223,57678939669540.84,3678398918.6695,1128801411122.0,411819328083.67,2838530521305.5654,49974683322.17,502141412293.8396,379199512.0922,0.0,202508
10000035,Deklein,6780188828636.88,1392856962.4425,7663739508453.028,404349449.9275,2481655357048.0,511917870399.45,10074691117799.309,586080515258.9698,295431552310.4566,203067999.6333,0.0,202508
10000036,Devoid,57084185155888.56,6616808023.5316,56510208008942.92,6682460344.8318,40146133591.0,237200293947.27,313853985484.0292,820663501490.0801,395590479502.1521,1198340135.4179,37876937.0,202508
10000037,Everyshore,19818215474193.48,3668267418.222,18178878498480.973,2964712193.6765,139956376106.0,194814074835.02,1287310685590.7737,1492077010571.62,439621068166.343,779730225.9225,139337367.0,202508
10000038,The Bleak Lands,21359881356387.44,1821816974.7372,26693827348698.96,2924983398.9524,26262770899.0,564065955628.75,3826542969203.22,796262921905.5099,185372266012.67157,220477246.0975,286914147.0,202508
10000039,Esoteria,21077465275955.797,1422142877.8325,21084266222659.98,1229089028.97,3319669017417.0,689475537101.23,2985725856834.665,662777190645.03,752724687508.5226,597259649.3592,0.0,202508
10000040,Oasa,17585706837773.562,1606792572.7385,19102123661913.28,1757157167.9015002,736582925447.0,186106676169.37,8076216824839.216,6257801300.0,999909066151.2578,539724038.1397,0.0,202508
10000041,Syndicate,8842972330667.752,874369575.088,7607974732761.146,991393207.6412,99082944446.0,389561736366.42,344790281881.3638,655525390052.21,308206791519.52655,669585075.8587,180374415.0,202508
10000042,Metropolis,125944489436033.4,12495046469.6728,121047326817339.7,12263871923.6657,961859852465.0,2469234411985.48,3943837455239.717,11355854226794.115,937368010948.1718,1187711203.6581,1551279507.0,202508
10000043,Domain,110669372538168.72,11352331266.7526,117217426831545.12,12287374052.5738,245670626352.0,625997905509.88,3773285850695.4,56490608171818.805,1853957596877.3584,4926255185.086,149209541.0,202508
10000044,Solitude,22685696215694.723,1268288270.591,22302935894987.59,1252396600.0065,33238998665.0,159358127875.38,289370028002.6018,521007756498.82,460998925147.4007,730111362.0124,11962056.0,202508
10000045,Tenal,4036115292841.475,231491616.7967,2943187038907.097,214758904.8877,1646388442004.0,176357367033.23,594944214562.5333,28263779000.0,129445538228.858,274015716.9015,0.0,202508
10000046,Fade,1925688178529.1672,110648166.315,1756608843804.9048,118979880.065,325768986688.0,84656066534.42,178603917952.6012,13805537713.3,95874299298.04732,144547189.0787,0.0,202508
10000047,Providence,11498204374470.68,1208022695.7317002,8588514190191.976,627331258.387,454016947696.0,1400479007069.02,1565256993694.9355,440233726979.0801,504756431368.064,704366566.1703,0.0,202508
10000048,Placid,40932689313095.695,2908610017.7312,41441067613927.59,3493186742.4630003,71085478109.0,833294661223.82,816293808982.4061,1608173105788.2102,674639176824.1046,753904833.1895,764676521.0,202508
10000049,Khanid,45699464518948.69,3982444746.2804,31719881541817.668,3581820763.4668,43164742109.0,256818350314.24,293492129691.3204,1517489958743.6602,718642617602.6978,1324540406.7226,14684077.0,202508
10000050,Querious,4397705457733.9214,411492161.5975,9577487841818.646,817485096.545,1203868758842.0,690243583761.21,2839798748752.446,807118256175.4601,264508799804.5984,168635570.2346,0.0,202508
10000051,Cloud Ring,8585300768056.528,846726680.4962,5964052702601.37,652882158.2505001,197022938820.0,199392232137.58,781398175052.2856,147331292985.81,101742368129.86723,279063427.0885,0.0,202508
10000052,Kador,38477221924549.945,2406891474.7405,42742545522377.88,3409182094.1850004,260381209238.0,283997018510.02,1221866448395.9175,1005022016570.85,903197944111.9484,3086675377.7433,242229440.0,202508
10000053,Cobalt Edge,3847758112045.391,265436548.492,4111990903652.2993,367238890.355,791628167272.0,184384289594.27,772967366098.9417,31336354320.59,498018942054.12537,862736890.1092,0.0,202508
10000054,Aridia,9750743407517.629,910235359.288,9617846476105.09,1021314948.972,58585867019.0,257533804415.92,1247279722990.1006,1219477694199.36,967688755914.4386,618006833.2514,79712016.0,202508
10000055,Branch,3649171404863.339,261383654.809,3213748635436.351,226930162.171,2273270318095.0,324163004284.62,1757967454312.1497,211461628725.89,766087845125.5659,652566728.6175,0.0,202508
10000056,Feythabolis,8865308269432.463,878078160.7965,4786972085188.092,437986155.5057,1501538058663.0,319601990971.64,1138615460454.1875,475630212987.47,708962605023.5829,456829803.1738,0.0,202508
10000057,Outer Ring,5417867243979.272,288183266.27000004,2702822982675.4507,262802782.832,45273558823.0,46781553243.69,864509731043.3013,690812395016.3701,182575025878.2613,468012171.118,5145455.0,202508
10000058,Fountain,13618691902908.225,1184311362.6545,23276149114282.023,1326473148.9729002,4861740759706.0,1211964626665.74,19816654715776.688,12748291659312.8,2957362799031.104,3035836881.0525,182815021.0,202508
10000059,Paragon Soul,11890695943431.064,836825886.1125,11925872746742.385,981491647.9795,2140120893423.0,500674674116.88,3927474561714.5977,1032316082148.3904,195848769217.31955,81022783.1665,0.0,202508
10000060,Delve,11607885317297.738,747314318.0665,15656846680304.465,1707646764.7625,1151364254690.0,2296264124933.71,1450560271902.4236,3158669337647.3804,206401761770.26715,18532.1968,705564505.0,202508
10000061,Tenerifis,73893267429792.28,8191966394.0331,45040209212585.87,3987406818.4924,1285977430344.0,572386334119.91,6605706292066.047,8218877321129.603,669109601454.4268,746948992.5325,0.0,202508
10000062,Omist,1123547711225.0286,54583877.8175,3224571383535.7656,140620375.429,491185472793.0,212913036302.25,1262580684168.3477,688260154681.0101,514583311748.4386,424761521.7096,0.0,202508
10000063,Period Basis,3303935051472.209,418488597.669,2232026761609.027,161552597.53,1190630898843.0,192648778763.62,680312129433.9238,32359449056.72,62206571210.05743,965325.7944,0.0,202508
10000064,Essence,145678596703124.28,14748160740.003,141907726591958.44,14563261657.1782,126360606782.0,831736929048.1,1793236115278.2854,3501796655275.29,509130055403.11017,792145882.8734,789455622.0,202508
10000065,Kor-Azor,42890587552151.42,5115731101.7933,41892018508015.125,4860426957.3934,172319536384.0,440373594930.57,835826332092.1582,1409311289988.11,405495937281.7076,406251466.67,39050149.0,202508
10000066,Perrigen Falls,65925148533219.336,7146194777.445499,46865247067366.49,3722863685.8425,1938096739321.0,627549928990.37,6615419303747.839,2061153879077.921,878274313225.7009,964489418.6865,0.0,202508
10000067,Genesis,148809343907692.06,13918295971.7964,151817697574726.28,14138944903.3314,206608434948.0,1100563399790.92,1990369424106.9795,3690635293535.87,656507435918.6761,975525512.2088,145798302.0,202508
10000068,Verge Vendor,26450734913775.637,2657338330.5952,25814341003627.758,2655078199.8042,60994932183.0,98050805460.02,986735222488.9764,1597263722471.3796,375075352764.3625,678622792.1484,44918180.0,202508
10000069,Black Rise,16439212521612.592,2021980050.4577,16382843824340.38,2725366534.4977,30603925147.0,974020782131.28,3645608982896.2856,767564652869.7001,358481365354.6088,512280809.6907,12826259.0,202508
10000070,Pochven,13832475490654.344,215912410.5872,12223183890395.611,297343104.8207,12256274685.0,2926176890382.31,37485062474.5825,101202196705.56,173331976296.80206,78191825.297,0.0,202508
